{ "backgroundcolor":"#000000",
 "height":60,
 "infinite":false,
 "layers":[
        {
         "compression":"zlib",
         "data":"eJzt2UEOgzAMBMDc+oe+tv8tt36gHBqpBwSG2Ls2WaS9BewRAZGwtPZaFLe0Cwe7Z6S1qnnEWs3sYa1i9rRmN+\/1\/DhIRbO88s7off4ibx7ve615NUdzuWekBtuI9o7YveqyvGfc3jWt5qi6DCvTu2dmOBHuTPOYNa8j55PFHV1\/Zm90rQzef7O88kZa0c8w2ru1Prqz9+7312JG9CCvf5rB2tPkLefNsl5Aea1uRA\/yyiuvvxX9fYV+RzO+nzPtTcob782wR4m0zuhl77mjrTP+L4two71nnd52hNfD2PNZr1clM1lHzey+5Y2zVjL3Pj3fWZnt3s7M5khrNjfKyjajnSNm63lb45jOs37reHb\/I2Z2H8p8+QJSvkKr",
         "encoding":"base64",
         "height":60,
         "name":"back",
         "opacity":0.5,
         "type":"tilelayer",
         "visible":true,
         "width":60,
         "x":0,
         "y":0
        }, 
        {
         "compression":"zlib",
         "data":"eJzt2ksOgzAMRVFmXXcX2ZWwgSoDq6lJyI8Q\/PyOFKmDSuUKYjLothFd45VZiHKtiM1x11sttOazVrRm3ZqD0uytN2jtRVDbi4K9\/5B6S60CoblmVgmEmeW1V5o\/mYXy\/vV23qh9loX1meWx19P+DXh+PrL+HGtee0v7FwHPz2kIM8tbb9D6\/kXgbT4TJp6f0zivbPPeK\/tWIPXy\/JyGMLO89QY8Px8h7F360e8jIppnH1j6f4OlNfJb++LWVLf+PGOtbr17eeodtfr6axuvaLXSPtPqtjtbY6s772wVXjpjvdfa870nar0nT7p3vSxfO9n2BYY+sbU=",
         "encoding":"base64",
         "height":60,
         "name":"front",
         "opacity":1,
         "type":"tilelayer",
         "visible":true,
         "width":60,
         "x":0,
         "y":0
        }, 
        {
         "color":"#5555ff",
         "draworder":"topdown",
         "name":"mods",
         "objects":[],
         "opacity":1,
         "type":"objectgroup",
         "visible":true,
         "x":0,
         "y":0
        }, 
        {
         "color":"#ff0000",
         "draworder":"topdown",
         "name":"objects",
         "objects":[
                {
                 "gid":3767,
                 "height":32,
                 "id":749,
                 "name":"",
                 "rotation":0,
                 "type":"",
                 "visible":true,
                 "width":16,
                 "x":136,
                 "y":368
                }, 
                {
                 "gid":5691,
                 "height":40,
                 "id":752,
                 "name":"",
                 "rotation":0,
                 "type":"",
                 "visible":true,
                 "width":40,
                 "x":256,
                 "y":368
                }, 
                {
                 "gid":5691,
                 "height":40,
                 "id":754,
                 "name":"",
                 "rotation":0,
                 "type":"",
                 "visible":true,
                 "width":40,
                 "x":184,
                 "y":368
                }, 
                {
                 "gid":7448,
                 "height":20,
                 "id":767,
                 "name":"",
                 "properties":
                    {
                     "parameters":"{\"treasurePools\" : [ \"weaponChestTreasure\" ]}"
                    },
                 "propertytypes":
                    {
                     "parameters":"string"
                    },
                 "rotation":0,
                 "type":"",
                 "visible":true,
                 "width":24,
                 "x":208,
                 "y":216
                }, 
                {
                 "gid":7409,
                 "height":16,
                 "id":775,
                 "name":"",
                 "properties":
                    {
                     "parameters":"{\"treasurePools\" : [ \"humanprisonTreasure\" ]}"
                    },
                 "propertytypes":
                    {
                     "parameters":"string"
                    },
                 "rotation":0,
                 "type":"",
                 "visible":true,
                 "width":32,
                 "x":240,
                 "y":368
                }, 
                {
                 "gid":3666,
                 "height":24,
                 "id":781,
                 "name":"",
                 "rotation":0,
                 "type":"",
                 "visible":true,
                 "width":16,
                 "x":224,
                 "y":152
                }, 
                {
                 "gid":3739,
                 "height":8,
                 "id":792,
                 "name":"",
                 "rotation":0,
                 "type":"",
                 "visible":true,
                 "width":40,
                 "x":216,
                 "y":328
                }, 
                {
                 "gid":3682,
                 "height":20,
                 "id":794,
                 "name":"",
                 "rotation":0,
                 "type":"",
                 "visible":true,
                 "width":16,
                 "x":168,
                 "y":144
                }, 
                {
                 "gid":3759,
                 "height":16,
                 "id":796,
                 "name":"",
                 "rotation":0,
                 "type":"",
                 "visible":true,
                 "width":64,
                 "x":208,
                 "y":112
                }, 
                {
                 "gid":3729,
                 "height":24,
                 "id":797,
                 "name":"",
                 "rotation":0,
                 "type":"",
                 "visible":true,
                 "width":48,
                 "x":216,
                 "y":72
                }, 
                {
                 "gid":3594,
                 "height":16,
                 "id":798,
                 "name":"",
                 "rotation":0,
                 "type":"",
                 "visible":true,
                 "width":16,
                 "x":240,
                 "y":248
                }, 
                {
                 "gid":3700,
                 "height":20,
                 "id":799,
                 "name":"",
                 "rotation":0,
                 "type":"",
                 "visible":true,
                 "width":16,
                 "x":296,
                 "y":144
                }, 
                {
                 "gid":3664,
                 "height":24,
                 "id":800,
                 "name":"",
                 "rotation":0,
                 "type":"",
                 "visible":true,
                 "width":32,
                 "x":296,
                 "y":368
                }],
         "opacity":1,
         "type":"objectgroup",
         "visible":true,
         "x":0,
         "y":0
        }, 
        {
         "color":"#ffff00",
         "draworder":"topdown",
         "name":"wiring - lights & guns",
         "objects":[],
         "opacity":1,
         "type":"objectgroup",
         "visible":true,
         "x":0,
         "y":0
        }, 
        {
         "color":"#ff0000",
         "draworder":"topdown",
         "name":"monsters & npcs",
         "objects":[
                {
                 "height":8,
                 "id":756,
                 "name":"",
                 "properties":
                    {
                     "npc":"human",
                     "typeName":"corporatemarine"
                    },
                 "propertytypes":
                    {
                     "npc":"string",
                     "typeName":"string"
                    },
                 "rotation":0,
                 "type":"",
                 "visible":true,
                 "width":8,
                 "x":240,
                 "y":168
                }, 
                {
                 "height":8,
                 "id":757,
                 "name":"",
                 "properties":
                    {
                     "npc":"human",
                     "typeName":"corporatemarine"
                    },
                 "propertytypes":
                    {
                     "npc":"string",
                     "typeName":"string"
                    },
                 "rotation":0,
                 "type":"",
                 "visible":true,
                 "width":8,
                 "x":232,
                 "y":312
                }],
         "offsetx":0,
         "offsety":-88,
         "opacity":1,
         "type":"objectgroup",
         "visible":true,
         "x":0,
         "y":0
        }, 
        {
         "color":"#00ffff",
         "draworder":"topdown",
         "name":"wiring - locked door",
         "objects":[],
         "opacity":1,
         "type":"objectgroup",
         "visible":true,
         "x":0,
         "y":0
        }, 
        {
         "draworder":"topdown",
         "name":"outside the map",
         "objects":[],
         "opacity":1,
         "type":"objectgroup",
         "visible":true,
         "x":0,
         "y":0
        }, 
        {
         "draworder":"topdown",
         "name":"anchors etc",
         "objects":[
                {
                 "gid":240,
                 "height":8,
                 "id":713,
                 "name":"",
                 "rotation":0,
                 "type":"",
                 "visible":true,
                 "width":8,
                 "x":400,
                 "y":392
                }, 
                {
                 "gid":240,
                 "height":8,
                 "id":714,
                 "name":"",
                 "rotation":0,
                 "type":"",
                 "visible":true,
                 "width":8,
                 "x":72,
                 "y":392
                }, 
                {
                 "gid":251,
                 "height":8,
                 "id":720,
                 "name":"",
                 "rotation":0,
                 "type":"",
                 "visible":true,
                 "width":8,
                 "x":240,
                 "y":16
                }, 
                {
                 "gid":251,
                 "height":8,
                 "id":724,
                 "name":"",
                 "rotation":0,
                 "type":"",
                 "visible":true,
                 "width":8,
                 "x":80,
                 "y":368
                }, 
                {
                 "gid":251,
                 "height":8,
                 "id":725,
                 "name":"",
                 "rotation":0,
                 "type":"",
                 "visible":true,
                 "width":8,
                 "x":392,
                 "y":368
                }, 
                {
                 "gid":239,
                 "height":8,
                 "id":726,
                 "name":"",
                 "rotation":0,
                 "type":"",
                 "visible":true,
                 "width":8,
                 "x":392,
                 "y":368
                }, 
                {
                 "gid":239,
                 "height":8,
                 "id":729,
                 "name":"",
                 "rotation":0,
                 "type":"",
                 "visible":true,
                 "width":8,
                 "x":240,
                 "y":16
                }, 
                {
                 "gid":239,
                 "height":8,
                 "id":732,
                 "name":"",
                 "rotation":0,
                 "type":"",
                 "visible":true,
                 "width":8,
                 "x":80,
                 "y":368
                }, 
                {
                 "gid":251,
                 "height":8,
                 "id":734,
                 "name":"",
                 "rotation":0,
                 "type":"",
                 "visible":true,
                 "width":8,
                 "x":8,
                 "y":176
                }, 
                {
                 "gid":251,
                 "height":8,
                 "id":735,
                 "name":"",
                 "rotation":0,
                 "type":"",
                 "visible":true,
                 "width":8,
                 "x":464,
                 "y":176
                }, 
                {
                 "gid":239,
                 "height":8,
                 "id":736,
                 "name":"",
                 "rotation":0,
                 "type":"",
                 "visible":true,
                 "width":8,
                 "x":464,
                 "y":176
                }, 
                {
                 "gid":239,
                 "height":8,
                 "id":737,
                 "name":"",
                 "rotation":0,
                 "type":"",
                 "visible":true,
                 "width":8,
                 "x":8,
                 "y":176
                }],
         "opacity":1,
         "type":"objectgroup",
         "visible":true,
         "x":0,
         "y":0
        }, 
        {
         "draworder":"topdown",
         "name":"items",
         "objects":[],
         "opacity":1,
         "type":"objectgroup",
         "visible":true,
         "x":0,
         "y":0
        }],
 "nextobjectid":801,
 "orientation":"orthogonal",
 "renderorder":"right-down",
 "tiledversion":"1.1.6",
 "tileheight":8,
 "tilesets":[
        {
         "firstgid":1,
         "source":"..\/..\/..\/Program Files (x86)\/Steam\/steamapps\/common\/Starbound\/assets\/packed\/tilesets\/packed\/materials.json"
        }, 
        {
         "firstgid":198,
         "source":"..\/..\/..\/Program Files (x86)\/Steam\/steamapps\/common\/Starbound\/assets\/packed\/tilesets\/packed\/supports.json"
        }, 
        {
         "firstgid":235,
         "source":"..\/..\/..\/Program Files (x86)\/Steam\/steamapps\/common\/Starbound\/assets\/packed\/tilesets\/packed\/miscellaneous.json"
        }, 
        {
         "firstgid":259,
         "source":"..\/..\/..\/Program Files (x86)\/Steam\/steamapps\/common\/Starbound\/assets\/packed\/tilesets\/packed\/liquids.json"
        }, 
        {
         "firstgid":287,
         "source":"..\/..\/..\/Program Files (x86)\/Steam\/steamapps\/common\/Starbound\/assets\/packed\/tilesets\/packed\/objects-by-race\/generic.json"
        }, 
        {
         "firstgid":2271,
         "source":"..\/..\/..\/Program Files (x86)\/Steam\/steamapps\/common\/Starbound\/assets\/packed\/tilesets\/packed\/objects-by-race\/ancient.json"
        }, 
        {
         "firstgid":2434,
         "source":"..\/..\/..\/Program Files (x86)\/Steam\/steamapps\/common\/Starbound\/assets\/packed\/tilesets\/packed\/objects-by-race\/apex.json"
        }, 
        {
         "firstgid":2805,
         "source":"..\/..\/..\/Program Files (x86)\/Steam\/steamapps\/common\/Starbound\/assets\/packed\/tilesets\/packed\/objects-by-race\/avian.json"
        }, 
        {
         "firstgid":3110,
         "source":"..\/..\/..\/Program Files (x86)\/Steam\/steamapps\/common\/Starbound\/assets\/packed\/tilesets\/packed\/objects-by-race\/floran.json"
        }, 
        {
         "firstgid":3305,
         "source":"..\/..\/..\/Program Files (x86)\/Steam\/steamapps\/common\/Starbound\/assets\/packed\/tilesets\/packed\/objects-by-race\/glitch.json"
        }, 
        {
         "firstgid":3531,
         "source":"..\/..\/..\/Program Files (x86)\/Steam\/steamapps\/common\/Starbound\/assets\/packed\/tilesets\/packed\/objects-by-race\/human.json"
        }, 
        {
         "firstgid":3819,
         "source":"..\/..\/..\/Program Files (x86)\/Steam\/steamapps\/common\/Starbound\/assets\/packed\/tilesets\/packed\/objects-by-race\/hylotl.json"
        }, 
        {
         "firstgid":4051,
         "source":"..\/..\/..\/Program Files (x86)\/Steam\/steamapps\/common\/Starbound\/assets\/packed\/tilesets\/packed\/objects-by-race\/novakid.json"
        }, 
        {
         "firstgid":4115,
         "source":"..\/..\/..\/Program Files (x86)\/Steam\/steamapps\/common\/Starbound\/assets\/packed\/tilesets\/packed\/objects-by-category\/crafting.json"
        }, 
        {
         "firstgid":4195,
         "source":"..\/..\/..\/Program Files (x86)\/Steam\/steamapps\/common\/Starbound\/assets\/packed\/tilesets\/packed\/objects-by-category\/decorative.json"
        }, 
        {
         "firstgid":5636,
         "source":"..\/..\/..\/Program Files (x86)\/Steam\/steamapps\/common\/Starbound\/assets\/packed\/tilesets\/packed\/objects-by-category\/door.json"
        }, 
        {
         "firstgid":5768,
         "source":"..\/..\/..\/Program Files (x86)\/Steam\/steamapps\/common\/Starbound\/assets\/packed\/tilesets\/packed\/objects-by-category\/farmable.json"
        }, 
        {
         "firstgid":5843,
         "source":"..\/..\/..\/Program Files (x86)\/Steam\/steamapps\/common\/Starbound\/assets\/packed\/tilesets\/packed\/objects-by-category\/furniture.json"
        }, 
        {
         "firstgid":6197,
         "source":"..\/..\/..\/Program Files (x86)\/Steam\/steamapps\/common\/Starbound\/assets\/packed\/tilesets\/packed\/objects-by-category\/light.json"
        }, 
        {
         "firstgid":6655,
         "source":"..\/..\/..\/Program Files (x86)\/Steam\/steamapps\/common\/Starbound\/assets\/packed\/tilesets\/packed\/objects-by-category\/other.json"
        }, 
        {
         "firstgid":6967,
         "source":"..\/..\/..\/Program Files (x86)\/Steam\/steamapps\/common\/Starbound\/assets\/packed\/tilesets\/packed\/objects-by-category\/pot.json"
        }, 
        {
         "firstgid":7264,
         "source":"..\/..\/..\/Program Files (x86)\/Steam\/steamapps\/common\/Starbound\/assets\/packed\/tilesets\/packed\/objects-by-category\/sapling.json"
        }, 
        {
         "firstgid":7265,
         "source":"..\/..\/..\/Program Files (x86)\/Steam\/steamapps\/common\/Starbound\/assets\/packed\/tilesets\/packed\/objects-by-category\/spawner.json"
        }, 
        {
         "firstgid":7281,
         "source":"..\/..\/..\/Program Files (x86)\/Steam\/steamapps\/common\/Starbound\/assets\/packed\/tilesets\/packed\/objects-by-category\/storage.json"
        }, 
        {
         "firstgid":7515,
         "source":"..\/..\/..\/Program Files (x86)\/Steam\/steamapps\/common\/Starbound\/assets\/packed\/tilesets\/packed\/objects-by-category\/teleporter.json"
        }, 
        {
         "firstgid":7557,
         "source":"..\/..\/..\/Program Files (x86)\/Steam\/steamapps\/common\/Starbound\/assets\/packed\/tilesets\/packed\/objects-by-category\/tools.json"
        }, 
        {
         "firstgid":7562,
         "source":"..\/..\/..\/Program Files (x86)\/Steam\/steamapps\/common\/Starbound\/assets\/packed\/tilesets\/packed\/objects-by-category\/trap.json"
        }, 
        {
         "firstgid":7766,
         "source":"..\/..\/..\/Program Files (x86)\/Steam\/steamapps\/common\/Starbound\/assets\/packed\/tilesets\/packed\/objects-by-category\/wire.json"
        }, 
        {
         "firstgid":7988,
         "source":"..\/..\/..\/Program Files (x86)\/Steam\/steamapps\/common\/Starbound\/assets\/packed\/tilesets\/packed\/objects-by-type\/container.json"
        }, 
        {
         "firstgid":8273,
         "source":"..\/..\/..\/Program Files (x86)\/Steam\/steamapps\/common\/Starbound\/assets\/packed\/tilesets\/packed\/objects-by-type\/farmable.json"
        }, 
        {
         "firstgid":8351,
         "source":"..\/..\/..\/Program Files (x86)\/Steam\/steamapps\/common\/Starbound\/assets\/packed\/tilesets\/packed\/objects-by-type\/loungeable.json"
        }, 
        {
         "firstgid":8632,
         "source":"..\/..\/..\/Program Files (x86)\/Steam\/steamapps\/common\/Starbound\/assets\/packed\/tilesets\/packed\/objects-by-type\/noisy.json"
        }, 
        {
         "firstgid":8673,
         "source":"..\/..\/..\/Program Files (x86)\/Steam\/steamapps\/common\/Starbound\/assets\/packed\/tilesets\/packed\/objects-by-type\/teleporter.json"
        }, 
        {
         "firstgid":8700,
         "source":"..\/..\/..\/Program Files (x86)\/Steam\/steamapps\/common\/Starbound\/assets\/packed\/tilesets\/packed\/huge-objects.json"
        }],
 "tilewidth":8,
 "type":"map",
 "version":1,
 "width":60
}