{ "backgroundcolor":"#000000",
 "height":33,
 "infinite":false,
 "layers":[
        {
         "compression":"zlib",
         "data":"eJztm0EOgyAQRdl5IC7Yc3Vpr+POCzRNSkImAgPYzgf+4m+sNW\/mjZAaezj3OBjmhpzOuZqQDS8tvantbUuve67Xy6dlDp\/tAPOzN8zxL\/q0YpD8a+8x657NFET\/pTlI1bIx1UHxv2VmVON\/Z5pi7T6egdQ6IGcg5d66hlRN1hyjcdX498D+X99Yc4zCFTz6ij2A\/ufhov+1ubT+uf7PyZXyL8+j\/zm5NP7lukD\/83DR\/9pcV\/7lOfQ\/Lxf9r82l8S9ngP7n4aL\/tbl6\/XugGXiKWPOgc0mPud\/\/8Qyg+v\/whPsMaW1C5aL\/tbly\/rXP\/+l\/XK4a\/yPs\/6h9RuWi\/7W5tP7l8RPUv3zPzpoHnSv2f+U45z+eAes6Qn793t6sSfkt+Y\/3AgT3nqlOyX3Jf1gHEPyXOBldrvpL\/2sk1V\/6v+d\/iK3fa2G8u8aWflikpyaE+v49k8guGdu8AfL0UoM=",
         "encoding":"base64",
         "height":33,
         "name":"back",
         "opacity":0.5,
         "type":"tilelayer",
         "visible":true,
         "width":128,
         "x":0,
         "y":0
        }, 
        {
         "compression":"zlib",
         "data":"eJztmkEOgzAMBH3rg\/rBvqtHvtQPVBwiRRYJtoPJAjvSXoLUbjIWrUpFCDmGnzPshkfkbLxnGznrkdcb7ed9j8W4p0zWDplnzLSD6H9vBmaf2Z2C6r83A619rHkxrqD4L7HMQcs94w8KnhlouUeDvXz0ZqCG\/sdA72X5PljW34K\/HzTQe61O6T8P9F57\/ut1+veD3kv719D\/GOi9ev71fYH+\/aD3ov9c0HvV\/jX0Pw56L\/rPBb1Xz78I\/Y+C3ov+c0HvFfX\/PqGjla\/Ip87sPgXUXtrj3nNgdP\/EB\/0\/m55\/6+\/\/9H9dPP6v8PlPfET9L0L\/d6D233v+r9dR\/ev\/2aGA2ivqX88ACgsTzpbjwtY1tBko9yLGHot7aVzXczCb1j4Yf7ag\/2ekBf3byDjfaMej9xg5jxmM7Alhf2fPJLJLMpc\/e7axDA==",
         "encoding":"base64",
         "height":33,
         "name":"front",
         "opacity":1,
         "type":"tilelayer",
         "visible":true,
         "width":128,
         "x":0,
         "y":0
        }, 
        {
         "color":"#5555ff",
         "draworder":"topdown",
         "name":"mods",
         "objects":[
                {
                 "height":8,
                 "id":709,
                 "name":"",
                 "properties":
                    {
                     "allowOverdrawing":"true",
                     "back":"slopedrustypanel",
                     "front":"slopedrustypanel"
                    },
                 "propertytypes":
                    {
                     "allowOverdrawing":"string",
                     "back":"string",
                     "front":"string"
                    },
                 "rotation":0,
                 "type":"",
                 "visible":true,
                 "width":272,
                 "x":72,
                 "y":208
                }, 
                {
                 "height":8,
                 "id":710,
                 "name":"",
                 "properties":
                    {
                     "allowOverdrawing":"true",
                     "back":"darksmoothstone",
                     "front":"darksmoothstone"
                    },
                 "propertytypes":
                    {
                     "allowOverdrawing":"string",
                     "back":"string",
                     "front":"string"
                    },
                 "rotation":0,
                 "type":"",
                 "visible":true,
                 "width":272,
                 "x":72,
                 "y":200
                }, 
                {
                 "height":8,
                 "id":711,
                 "name":"",
                 "properties":
                    {
                     "allowOverdrawing":"true",
                     "back":"castlewalls1",
                     "front":"castlewalls1"
                    },
                 "propertytypes":
                    {
                     "allowOverdrawing":"string",
                     "back":"string",
                     "front":"string"
                    },
                 "rotation":0,
                 "type":"",
                 "visible":true,
                 "width":256,
                 "x":80,
                 "y":216
                }, 
                {
                 "height":8,
                 "id":712,
                 "name":"",
                 "properties":
                    {
                     "allowOverdrawing":"true",
                     "back":"slopedrustypanel",
                     "front":"slopedrustypanel"
                    },
                 "propertytypes":
                    {
                     "allowOverdrawing":"string",
                     "back":"string",
                     "front":"string"
                    },
                 "rotation":0,
                 "type":"",
                 "visible":true,
                 "width":272,
                 "x":680,
                 "y":48
                }, 
                {
                 "height":8,
                 "id":713,
                 "name":"",
                 "properties":
                    {
                     "allowOverdrawing":"true",
                     "back":"darksmoothstone",
                     "front":"darksmoothstone"
                    },
                 "propertytypes":
                    {
                     "allowOverdrawing":"string",
                     "back":"string",
                     "front":"string"
                    },
                 "rotation":0,
                 "type":"",
                 "visible":true,
                 "width":256,
                 "x":688,
                 "y":40
                }, 
                {
                 "height":8,
                 "id":714,
                 "name":"",
                 "properties":
                    {
                     "allowOverdrawing":"true",
                     "back":"castlewalls1",
                     "front":"castlewalls1"
                    },
                 "propertytypes":
                    {
                     "allowOverdrawing":"string",
                     "back":"string",
                     "front":"string"
                    },
                 "rotation":0,
                 "type":"",
                 "visible":true,
                 "width":272,
                 "x":680,
                 "y":56
                }, 
                {
                 "height":96,
                 "id":735,
                 "name":"",
                 "properties":
                    {
                     "allowOverdrawing":"true",
                     "front":"castlewalls1"
                    },
                 "propertytypes":
                    {
                     "allowOverdrawing":"string",
                     "front":"string"
                    },
                 "rotation":0,
                 "type":"",
                 "visible":true,
                 "width":8,
                 "x":952,
                 "y":56
                }, 
                {
                 "height":8,
                 "id":758,
                 "name":"",
                 "properties":
                    {
                     "allowOverdrawing":"true",
                     "back":"darksmoothstone",
                     "front":"darksmoothstone"
                    },
                 "propertytypes":
                    {
                     "allowOverdrawing":"string",
                     "back":"string",
                     "front":"string"
                    },
                 "rotation":0,
                 "type":"",
                 "visible":true,
                 "width":272,
                 "x":376,
                 "y":200
                }, 
                {
                 "height":8,
                 "id":760,
                 "name":"",
                 "properties":
                    {
                     "allowOverdrawing":"true",
                     "back":"castlewalls1",
                     "front":"castlewalls1"
                    },
                 "propertytypes":
                    {
                     "allowOverdrawing":"string",
                     "back":"string",
                     "front":"string"
                    },
                 "rotation":0,
                 "type":"",
                 "visible":true,
                 "width":272,
                 "x":72,
                 "y":56
                }, 
                {
                 "height":96,
                 "id":772,
                 "name":"",
                 "properties":
                    {
                     "allowOverdrawing":"true",
                     "front":"castlewalls1"
                    },
                 "propertytypes":
                    {
                     "allowOverdrawing":"string",
                     "front":"string"
                    },
                 "rotation":0,
                 "type":"",
                 "visible":true,
                 "width":8,
                 "x":672,
                 "y":56
                }, 
                {
                 "height":96,
                 "id":774,
                 "name":"",
                 "properties":
                    {
                     "allowOverdrawing":"true",
                     "front":"castlewalls1"
                    },
                 "propertytypes":
                    {
                     "allowOverdrawing":"string",
                     "front":"string"
                    },
                 "rotation":0,
                 "type":"",
                 "visible":true,
                 "width":8,
                 "x":648,
                 "y":56
                }, 
                {
                 "height":8,
                 "id":779,
                 "name":"",
                 "properties":
                    {
                     "allowOverdrawing":"true",
                     "back":"darksmoothstone",
                     "front":"darksmoothstone"
                    },
                 "propertytypes":
                    {
                     "allowOverdrawing":"string",
                     "back":"string",
                     "front":"string"
                    },
                 "rotation":0,
                 "type":"",
                 "visible":true,
                 "width":272,
                 "x":680,
                 "y":200
                }, 
                {
                 "height":8,
                 "id":780,
                 "name":"",
                 "properties":
                    {
                     "allowOverdrawing":"true",
                     "back":"castlewalls1",
                     "front":"castlewalls1"
                    },
                 "propertytypes":
                    {
                     "allowOverdrawing":"string",
                     "back":"string",
                     "front":"string"
                    },
                 "rotation":0,
                 "type":"",
                 "visible":true,
                 "width":272,
                 "x":376,
                 "y":56
                }, 
                {
                 "height":96,
                 "id":784,
                 "name":"",
                 "properties":
                    {
                     "allowOverdrawing":"true",
                     "front":"castlewalls1"
                    },
                 "propertytypes":
                    {
                     "allowOverdrawing":"string",
                     "front":"string"
                    },
                 "rotation":0,
                 "type":"",
                 "visible":true,
                 "width":8,
                 "x":64,
                 "y":56
                }, 
                {
                 "height":96,
                 "id":786,
                 "name":"",
                 "properties":
                    {
                     "allowOverdrawing":"true",
                     "front":"castlewalls1"
                    },
                 "propertytypes":
                    {
                     "allowOverdrawing":"string",
                     "front":"string"
                    },
                 "rotation":0,
                 "type":"",
                 "visible":true,
                 "width":8,
                 "x":368,
                 "y":56
                }, 
                {
                 "height":96,
                 "id":789,
                 "name":"",
                 "properties":
                    {
                     "allowOverdrawing":"true",
                     "front":"castlewalls1"
                    },
                 "propertytypes":
                    {
                     "allowOverdrawing":"string",
                     "front":"string"
                    },
                 "rotation":0,
                 "type":"",
                 "visible":true,
                 "width":8,
                 "x":344,
                 "y":56
                }, 
                {
                 "gid":5877,
                 "height":40,
                 "id":795,
                 "name":"",
                 "rotation":0,
                 "type":"",
                 "visible":true,
                 "width":48,
                 "x":640,
                 "y":200
                }, 
                {
                 "gid":5877,
                 "height":40,
                 "id":796,
                 "name":"",
                 "rotation":0,
                 "type":"",
                 "visible":true,
                 "width":48,
                 "x":336,
                 "y":200
                }],
         "opacity":1,
         "type":"objectgroup",
         "visible":true,
         "x":0,
         "y":0
        }, 
        {
         "color":"#ff0000",
         "draworder":"topdown",
         "name":"objects",
         "objects":[],
         "opacity":1,
         "type":"objectgroup",
         "visible":true,
         "x":0,
         "y":0
        }, 
        {
         "color":"#ffff00",
         "draworder":"topdown",
         "name":"wiring - lights & guns",
         "objects":[],
         "opacity":1,
         "type":"objectgroup",
         "visible":true,
         "x":0,
         "y":0
        }, 
        {
         "color":"#ff0000",
         "draworder":"topdown",
         "name":"monsters & npcs",
         "objects":[],
         "opacity":1,
         "type":"objectgroup",
         "visible":true,
         "x":0,
         "y":0
        }, 
        {
         "color":"#00ffff",
         "draworder":"topdown",
         "name":"wiring - locked door",
         "objects":[],
         "opacity":1,
         "type":"objectgroup",
         "visible":true,
         "x":0,
         "y":0
        }, 
        {
         "draworder":"topdown",
         "name":"outside the map",
         "objects":[],
         "opacity":1,
         "type":"objectgroup",
         "visible":true,
         "x":0,
         "y":0
        }, 
        {
         "draworder":"topdown",
         "name":"anchors etc",
         "objects":[
                {
                 "gid":247,
                 "height":8,
                 "id":752,
                 "name":"",
                 "rotation":0,
                 "type":"",
                 "visible":true,
                 "width":8,
                 "x":208,
                 "y":256
                }, 
                {
                 "gid":247,
                 "height":8,
                 "id":753,
                 "name":"",
                 "rotation":0,
                 "type":"",
                 "visible":true,
                 "width":8,
                 "x":816,
                 "y":16
                }, 
                {
                 "gid":248,
                 "height":8,
                 "id":756,
                 "name":"",
                 "rotation":0,
                 "type":"",
                 "visible":true,
                 "width":8,
                 "x":376,
                 "y":200
                }, 
                {
                 "gid":248,
                 "height":8,
                 "id":757,
                 "name":"",
                 "rotation":0,
                 "type":"",
                 "visible":true,
                 "width":8,
                 "x":640,
                 "y":200
                }, 
                {
                 "gid":248,
                 "height":8,
                 "id":770,
                 "name":"",
                 "rotation":0,
                 "type":"",
                 "visible":true,
                 "width":8,
                 "x":72,
                 "y":168
                }, 
                {
                 "gid":248,
                 "height":8,
                 "id":794,
                 "name":"",
                 "rotation":0,
                 "type":"",
                 "visible":true,
                 "width":8,
                 "x":336,
                 "y":168
                }],
         "opacity":1,
         "type":"objectgroup",
         "visible":true,
         "x":0,
         "y":0
        }, 
        {
         "draworder":"topdown",
         "name":"items",
         "objects":[],
         "opacity":1,
         "type":"objectgroup",
         "visible":true,
         "x":0,
         "y":0
        }],
 "nextobjectid":797,
 "orientation":"orthogonal",
 "renderorder":"right-down",
 "tiledversion":"1.1.6",
 "tileheight":8,
 "tilesets":[
        {
         "firstgid":1,
         "source":"..\/..\/..\/tilesets\/packed\/materials.json"
        }, 
        {
         "firstgid":198,
         "source":"..\/..\/..\/tilesets\/packed\/supports.json"
        }, 
        {
         "firstgid":235,
         "source":"..\/..\/..\/tilesets\/packed\/miscellaneous.json"
        }, 
        {
         "firstgid":259,
         "source":"..\/..\/..\/tilesets\/packed\/liquids.json"
        }, 
        {
         "firstgid":287,
         "source":"..\/..\/..\/tilesets\/packed\/objects-by-race\/ancient.json"
        }, 
        {
         "firstgid":450,
         "source":"..\/..\/..\/tilesets\/packed\/objects-by-race\/apex.json"
        }, 
        {
         "firstgid":821,
         "source":"..\/..\/..\/tilesets\/packed\/objects-by-race\/avian.json"
        }, 
        {
         "firstgid":1126,
         "source":"..\/..\/..\/tilesets\/packed\/objects-by-race\/floran.json"
        }, 
        {
         "firstgid":1321,
         "source":"..\/..\/..\/tilesets\/packed\/objects-by-race\/generic.json"
        }, 
        {
         "firstgid":3305,
         "source":"..\/..\/..\/tilesets\/packed\/objects-by-race\/glitch.json"
        }, 
        {
         "firstgid":3531,
         "source":"..\/..\/..\/tilesets\/packed\/objects-by-race\/human.json"
        }, 
        {
         "firstgid":3819,
         "source":"..\/..\/..\/tilesets\/packed\/objects-by-race\/hylotl.json"
        }, 
        {
         "firstgid":4051,
         "source":"..\/..\/..\/tilesets\/packed\/objects-by-race\/novakid.json"
        }, 
        {
         "firstgid":4115,
         "source":"..\/..\/..\/tilesets\/packed\/objects-by-category\/breakable.json"
        }, 
        {
         "firstgid":4425,
         "source":"..\/..\/..\/tilesets\/packed\/objects-by-category\/decorative.json"
        }, 
        {
         "firstgid":5866,
         "source":"..\/..\/..\/tilesets\/packed\/objects-by-category\/door.json"
        }, 
        {
         "firstgid":5998,
         "source":"..\/..\/..\/tilesets\/packed\/objects-by-category\/farmable.json"
        }, 
        {
         "firstgid":6073,
         "source":"..\/..\/..\/tilesets\/packed\/objects-by-category\/furniture.json"
        }, 
        {
         "firstgid":6427,
         "source":"..\/..\/..\/tilesets\/packed\/objects-by-category\/light.json"
        }, 
        {
         "firstgid":6885,
         "source":"..\/..\/..\/tilesets\/packed\/objects-by-category\/railpoint.json"
        }, 
        {
         "firstgid":6890,
         "source":"..\/..\/..\/tilesets\/packed\/objects-by-category\/teleporter.json"
        }, 
        {
         "firstgid":6932,
         "source":"..\/..\/..\/tilesets\/packed\/objects-by-category\/trap.json"
        }, 
        {
         "firstgid":7136,
         "source":"..\/..\/..\/tilesets\/packed\/objects-by-category\/wire.json"
        }, 
        {
         "firstgid":7358,
         "source":"..\/..\/..\/tilesets\/packed\/objects-by-type\/container.json"
        }, 
        {
         "firstgid":7643,
         "source":"..\/..\/..\/tilesets\/packed\/objects-by-type\/teleporter.json"
        }],
 "tilewidth":8,
 "type":"map",
 "version":1,
 "width":128
}