{ "backgroundcolor":"#000000",
 "height":56,
 "infinite":false,
 "layers":[
        {
         "compression":"zlib",
         "data":"eJztmDEOwjAMRbNxFmauxgHKJXqFTjBXjDlPD0ERC4oothO72OEPT6rUKHqyHVvJklJaAAjCyQmU5yzgbLR2ZniOAm5Ga0cjzzVWwze8eF4JvHhGieeRwItnlHiiPuP3zyjz6NdznTvfp5U7E8u1HM\/MxHJtT561ubxsfFvkvaX288tveJIb96I8DwLKnld6lv8le2v2eamnZp9vcdXy5Dj25ll7jvb23Op9756fQDxj1yc8bR01PTmuUea75G5QUnq27NVL3uH5n+eIe4epne9ceolnlPqEp65nlHkU5RzhHQzvYJ7z3lL7mlCekrcqSyhPADzxAD2bODc=",
         "encoding":"base64",
         "height":56,
         "name":"back",
         "opacity":0.5,
         "type":"tilelayer",
         "visible":true,
         "width":42,
         "x":0,
         "y":0
        }, 
        {
         "compression":"zlib",
         "data":"eJzt2LsJwDAMhGF3GSi7eqDskCmyRKqASSOdHyDh\/+Ba+cMgFy6FkDw5g9TKE6Q4ceLEiRNnhOLEiRPnl0PoLVaZbeUSqt6RMtuTarTH2Fqt+d7gjOH8701UZ5b7xKk7R4xeqyez3\/beN9\/KyNmeffd2pXNmceLc1cm+48S5j5N9x4kzl1P5q1pZQjLlBT4sTIg=",
         "encoding":"base64",
         "height":56,
         "name":"front",
         "opacity":1,
         "type":"tilelayer",
         "visible":true,
         "width":42,
         "x":0,
         "y":0
        }, 
        {
         "color":"#5555ff",
         "draworder":"topdown",
         "name":"mods",
         "objects":[
                {
                 "height":72,
                 "id":790,
                 "name":"",
                 "properties":
                    {
                     "allowOverdrawing":"true",
                     "back":"slopedrustypanel",
                     "front":"castlewalls1"
                    },
                 "propertytypes":
                    {
                     "allowOverdrawing":"string",
                     "back":"string",
                     "front":"string"
                    },
                 "rotation":0,
                 "type":"",
                 "visible":true,
                 "width":8,
                 "x":24,
                 "y":280
                }, 
                {
                 "height":88,
                 "id":791,
                 "name":"",
                 "properties":
                    {
                     "allowOverdrawing":"true",
                     "front":"slopedrustypanel"
                    },
                 "propertytypes":
                    {
                     "allowOverdrawing":"string",
                     "front":"string"
                    },
                 "rotation":0,
                 "type":"",
                 "visible":true,
                 "width":8,
                 "x":312,
                 "y":264
                }, 
                {
                 "height":8,
                 "id":793,
                 "name":"",
                 "properties":
                    {
                     "allowOverdrawing":"true",
                     "back":"ridgebrick",
                     "front":"ridgebrick"
                    },
                 "propertytypes":
                    {
                     "allowOverdrawing":"string",
                     "back":"string",
                     "front":"string"
                    },
                 "rotation":0,
                 "type":"",
                 "visible":true,
                 "width":8,
                 "x":24,
                 "y":272
                }, 
                {
                 "height":8,
                 "id":794,
                 "name":"",
                 "properties":
                    {
                     "allowOverdrawing":"true",
                     "back":"ridgebrick",
                     "front":"ridgebrick"
                    },
                 "propertytypes":
                    {
                     "allowOverdrawing":"string",
                     "back":"string",
                     "front":"string"
                    },
                 "rotation":0,
                 "type":"",
                 "visible":true,
                 "width":16,
                 "x":16,
                 "y":352
                }, 
                {
                 "height":72,
                 "id":795,
                 "name":"",
                 "properties":
                    {
                     "allowOverdrawing":"true",
                     "back":"slopedrustypanel",
                     "front":"castlewalls1"
                    },
                 "propertytypes":
                    {
                     "allowOverdrawing":"string",
                     "back":"string",
                     "front":"string"
                    },
                 "rotation":0,
                 "type":"",
                 "visible":true,
                 "width":8,
                 "x":304,
                 "y":280
                }, 
                {
                 "height":88,
                 "id":796,
                 "name":"",
                 "properties":
                    {
                     "allowOverdrawing":"true",
                     "front":"slopedrustypanel"
                    },
                 "propertytypes":
                    {
                     "allowOverdrawing":"string",
                     "front":"string"
                    },
                 "rotation":0,
                 "type":"",
                 "visible":true,
                 "width":8,
                 "x":16,
                 "y":264
                }, 
                {
                 "height":8,
                 "id":797,
                 "name":"",
                 "properties":
                    {
                     "allowOverdrawing":"true",
                     "back":"castlewalls1",
                     "front":"slopedrustypanel"
                    },
                 "propertytypes":
                    {
                     "allowOverdrawing":"string",
                     "back":"string",
                     "front":"string"
                    },
                 "rotation":0,
                 "type":"",
                 "visible":true,
                 "width":8,
                 "x":24,
                 "y":264
                }, 
                {
                 "height":8,
                 "id":799,
                 "name":"",
                 "properties":
                    {
                     "allowOverdrawing":"true",
                     "back":"ridgebrick",
                     "front":"ridgebrick"
                    },
                 "propertytypes":
                    {
                     "allowOverdrawing":"string",
                     "back":"string",
                     "front":"string"
                    },
                 "rotation":0,
                 "type":"",
                 "visible":true,
                 "width":16,
                 "x":304,
                 "y":352
                }, 
                {
                 "height":8,
                 "id":801,
                 "name":"",
                 "properties":
                    {
                     "allowOverdrawing":"true",
                     "back":"ridgebrick",
                     "front":"ridgebrick"
                    },
                 "propertytypes":
                    {
                     "allowOverdrawing":"string",
                     "back":"string",
                     "front":"string"
                    },
                 "rotation":0,
                 "type":"",
                 "visible":true,
                 "width":8,
                 "x":304,
                 "y":272
                }, 
                {
                 "height":88,
                 "id":803,
                 "name":"",
                 "properties":
                    {
                     "allowOverdrawing":"true",
                     "front":"slopedrustypanel"
                    },
                 "propertytypes":
                    {
                     "allowOverdrawing":"string",
                     "front":"string"
                    },
                 "rotation":0,
                 "type":"",
                 "visible":true,
                 "width":8,
                 "x":312,
                 "y":32
                }, 
                {
                 "height":8,
                 "id":805,
                 "name":"",
                 "properties":
                    {
                     "allowOverdrawing":"true",
                     "front":"castlewalls1"
                    },
                 "propertytypes":
                    {
                     "allowOverdrawing":"string",
                     "front":"string"
                    },
                 "rotation":0,
                 "type":"",
                 "visible":true,
                 "width":8,
                 "x":304,
                 "y":32
                }, 
                {
                 "height":8,
                 "id":806,
                 "name":"",
                 "properties":
                    {
                     "allowOverdrawing":"true",
                     "back":"ridgebrick",
                     "front":"ridgebrick"
                    },
                 "propertytypes":
                    {
                     "allowOverdrawing":"string",
                     "back":"string",
                     "front":"string"
                    },
                 "rotation":0,
                 "type":"",
                 "visible":true,
                 "width":8,
                 "x":304,
                 "y":40
                }, 
                {
                 "height":72,
                 "id":807,
                 "name":"",
                 "properties":
                    {
                     "allowOverdrawing":"true",
                     "back":"slopedrustypanel",
                     "front":"castlewalls1"
                    },
                 "propertytypes":
                    {
                     "allowOverdrawing":"string",
                     "back":"string",
                     "front":"string"
                    },
                 "rotation":0,
                 "type":"",
                 "visible":true,
                 "width":8,
                 "x":24,
                 "y":48
                }, 
                {
                 "height":88,
                 "id":808,
                 "name":"",
                 "properties":
                    {
                     "allowOverdrawing":"true",
                     "front":"slopedrustypanel"
                    },
                 "propertytypes":
                    {
                     "allowOverdrawing":"string",
                     "front":"string"
                    },
                 "rotation":0,
                 "type":"",
                 "visible":true,
                 "width":8,
                 "x":16,
                 "y":32
                }, 
                {
                 "height":8,
                 "id":809,
                 "name":"",
                 "properties":
                    {
                     "allowOverdrawing":"true",
                     "back":"ridgebrick",
                     "front":"ridgebrick"
                    },
                 "propertytypes":
                    {
                     "allowOverdrawing":"string",
                     "back":"string",
                     "front":"string"
                    },
                 "rotation":0,
                 "type":"",
                 "visible":true,
                 "width":16,
                 "x":16,
                 "y":120
                }, 
                {
                 "height":8,
                 "id":811,
                 "name":"",
                 "properties":
                    {
                     "allowOverdrawing":"true",
                     "back":"ridgebrick",
                     "front":"ridgebrick"
                    },
                 "propertytypes":
                    {
                     "allowOverdrawing":"string",
                     "back":"string",
                     "front":"string"
                    },
                 "rotation":0,
                 "type":"",
                 "visible":true,
                 "width":8,
                 "x":24,
                 "y":40
                }, 
                {
                 "height":72,
                 "id":812,
                 "name":"",
                 "properties":
                    {
                     "allowOverdrawing":"true",
                     "back":"slopedrustypanel",
                     "front":"castlewalls1"
                    },
                 "propertytypes":
                    {
                     "allowOverdrawing":"string",
                     "back":"string",
                     "front":"string"
                    },
                 "rotation":0,
                 "type":"",
                 "visible":true,
                 "width":8,
                 "x":304,
                 "y":48
                }, 
                {
                 "height":8,
                 "id":813,
                 "name":"",
                 "properties":
                    {
                     "allowOverdrawing":"true",
                     "front":"castlewalls1"
                    },
                 "propertytypes":
                    {
                     "allowOverdrawing":"string",
                     "front":"string"
                    },
                 "rotation":0,
                 "type":"",
                 "visible":true,
                 "width":8,
                 "x":24,
                 "y":32
                }, 
                {
                 "height":8,
                 "id":814,
                 "name":"",
                 "properties":
                    {
                     "allowOverdrawing":"true",
                     "back":"ridgebrick",
                     "front":"ridgebrick"
                    },
                 "propertytypes":
                    {
                     "allowOverdrawing":"string",
                     "back":"string",
                     "front":"string"
                    },
                 "rotation":0,
                 "type":"",
                 "visible":true,
                 "width":16,
                 "x":304,
                 "y":120
                }, 
                {
                 "height":8,
                 "id":839,
                 "name":"",
                 "properties":
                    {
                     "allowOverdrawing":"true",
                     "back":"castlewalls1",
                     "front":"slopedrustypanel"
                    },
                 "propertytypes":
                    {
                     "allowOverdrawing":"string",
                     "back":"string",
                     "front":"string"
                    },
                 "rotation":0,
                 "type":"",
                 "visible":true,
                 "width":8,
                 "x":304,
                 "y":264
                }],
         "opacity":1,
         "type":"objectgroup",
         "visible":true,
         "x":0,
         "y":0
        }, 
        {
         "color":"#ff0000",
         "draworder":"topdown",
         "name":"objects",
         "objects":[
                {
                 "gid":6612,
                 "height":16,
                 "id":836,
                 "name":"",
                 "rotation":0,
                 "type":"",
                 "visible":true,
                 "width":24,
                 "x":40,
                 "y":280
                }, 
                {
                 "gid":7707,
                 "height":24,
                 "id":852,
                 "name":"",
                 "rotation":0,
                 "type":"",
                 "visible":true,
                 "width":24,
                 "x":176,
                 "y":112
                }, 
                {
                 "gid":7707,
                 "height":24,
                 "id":853,
                 "name":"",
                 "rotation":0,
                 "type":"",
                 "visible":true,
                 "width":24,
                 "x":136,
                 "y":112
                }, 
                {
                 "gid":7707,
                 "height":24,
                 "id":854,
                 "name":"",
                 "rotation":0,
                 "type":"",
                 "visible":true,
                 "width":24,
                 "x":176,
                 "y":80
                }, 
                {
                 "gid":7707,
                 "height":24,
                 "id":855,
                 "name":"",
                 "rotation":0,
                 "type":"",
                 "visible":true,
                 "width":24,
                 "x":136,
                 "y":80
                }, 
                {
                 "gid":7903,
                 "height":8,
                 "id":864,
                 "name":"",
                 "rotation":0,
                 "type":"",
                 "visible":true,
                 "width":8,
                 "x":80,
                 "y":160
                }, 
                {
                 "gid":3821,
                 "height":16,
                 "id":865,
                 "name":"",
                 "rotation":0,
                 "type":"",
                 "visible":true,
                 "width":8,
                 "x":72,
                 "y":160
                }, 
                {
                 "gid":6213,
                 "height":20,
                 "id":866,
                 "name":"",
                 "rotation":0,
                 "type":"",
                 "visible":true,
                 "width":16,
                 "x":48,
                 "y":176
                }, 
                {
                 "gid":2147491354,
                 "height":16,
                 "id":867,
                 "name":"",
                 "rotation":0,
                 "type":"",
                 "visible":true,
                 "width":32,
                 "x":64,
                 "y":176
                }, 
                {
                 "gid":7848,
                 "height":32,
                 "id":868,
                 "name":"",
                 "properties":
                    {
                     "parameters":"{\"treasurePools\":[\"humanbunkertreasure\"]}"
                    },
                 "propertytypes":
                    {
                     "parameters":"string"
                    },
                 "rotation":0,
                 "type":"",
                 "visible":true,
                 "width":24,
                 "x":264,
                 "y":176
                }, 
                {
                 "gid":2147491367,
                 "height":24,
                 "id":869,
                 "name":"",
                 "rotation":0,
                 "type":"",
                 "visible":true,
                 "width":16,
                 "x":224,
                 "y":176
                }, 
                {
                 "gid":2147489861,
                 "height":20,
                 "id":870,
                 "name":"",
                 "rotation":0,
                 "type":"",
                 "visible":true,
                 "width":16,
                 "x":96,
                 "y":176
                }, 
                {
                 "gid":7754,
                 "height":16,
                 "id":871,
                 "name":"",
                 "rotation":0,
                 "type":"",
                 "visible":true,
                 "width":16,
                 "x":248,
                 "y":176
                }, 
                {
                 "gid":7820,
                 "height":32,
                 "id":872,
                 "name":"",
                 "rotation":0,
                 "type":"",
                 "visible":true,
                 "width":16,
                 "x":208,
                 "y":408
                }, 
                {
                 "gid":2147491492,
                 "height":8,
                 "id":873,
                 "name":"",
                 "rotation":0,
                 "type":"",
                 "visible":true,
                 "width":48,
                 "x":232,
                 "y":408
                }, 
                {
                 "gid":6213,
                 "height":20,
                 "id":874,
                 "name":"",
                 "rotation":0,
                 "type":"",
                 "visible":true,
                 "width":16,
                 "x":184,
                 "y":408
                }, 
                {
                 "gid":2147491382,
                 "height":16,
                 "id":875,
                 "name":"",
                 "properties":
                    {
                     "parameters":"{\"treasurePools\":[\"humanbunkertreasure\"]}"
                    },
                 "propertytypes":
                    {
                     "parameters":"string"
                    },
                 "rotation":0,
                 "type":"",
                 "visible":true,
                 "width":32,
                 "x":56,
                 "y":408
                }, 
                {
                 "gid":2147491486,
                 "height":40,
                 "id":876,
                 "name":"",
                 "rotation":0,
                 "type":"",
                 "visible":true,
                 "width":32,
                 "x":88,
                 "y":408
                }, 
                {
                 "gid":6586,
                 "height":16,
                 "id":877,
                 "name":"",
                 "rotation":0,
                 "type":"",
                 "visible":true,
                 "width":24,
                 "x":272,
                 "y":280
                }, 
                {
                 "gid":7718,
                 "height":40,
                 "id":878,
                 "name":"",
                 "rotation":0,
                 "type":"",
                 "visible":true,
                 "width":24,
                 "x":200,
                 "y":80
                }, 
                {
                 "gid":7718,
                 "height":40,
                 "id":879,
                 "name":"",
                 "rotation":0,
                 "type":"",
                 "visible":true,
                 "width":24,
                 "x":112,
                 "y":80
                }, 
                {
                 "gid":5133,
                 "height":16,
                 "id":886,
                 "name":"",
                 "rotation":0,
                 "type":"",
                 "visible":true,
                 "width":64,
                 "x":224,
                 "y":96
                }, 
                {
                 "gid":5133,
                 "height":16,
                 "id":887,
                 "name":"",
                 "rotation":0,
                 "type":"",
                 "visible":true,
                 "width":64,
                 "x":48,
                 "y":96
                }],
         "opacity":1,
         "type":"objectgroup",
         "visible":true,
         "x":0,
         "y":0
        }, 
        {
         "color":"#ffff00",
         "draworder":"topdown",
         "name":"wiring - lights & guns",
         "objects":[],
         "opacity":1,
         "type":"objectgroup",
         "visible":true,
         "x":0,
         "y":0
        }, 
        {
         "color":"#ff0000",
         "draworder":"topdown",
         "name":"monsters & npcs",
         "objects":[
                {
                 "height":8,
                 "id":880,
                 "name":"",
                 "properties":
                    {
                     "npc":"human",
                     "typeName":"corporatemarine"
                    },
                 "propertytypes":
                    {
                     "npc":"string",
                     "typeName":"string"
                    },
                 "rotation":0,
                 "type":"",
                 "visible":true,
                 "width":8,
                 "x":208,
                 "y":392
                }, 
                {
                 "height":8,
                 "id":882,
                 "name":"",
                 "properties":
                    {
                     "npc":"human",
                     "typeName":"corporatemarine"
                    },
                 "propertytypes":
                    {
                     "npc":"string",
                     "typeName":"string"
                    },
                 "rotation":0,
                 "type":"",
                 "visible":true,
                 "width":8,
                 "x":120,
                 "y":392
                }, 
                {
                 "height":8,
                 "id":883,
                 "name":"",
                 "properties":
                    {
                     "npc":"human",
                     "typeName":"corporatemarine"
                    },
                 "propertytypes":
                    {
                     "npc":"string",
                     "typeName":"string"
                    },
                 "rotation":0,
                 "type":"",
                 "visible":true,
                 "width":8,
                 "x":168,
                 "y":160
                }, 
                {
                 "height":8,
                 "id":884,
                 "name":"triplod",
                 "properties":
                    {
                     "monster":"triplod"
                    },
                 "propertytypes":
                    {
                     "monster":"string"
                    },
                 "rotation":0,
                 "type":"",
                 "visible":true,
                 "width":8,
                 "x":80,
                 "y":32
                }, 
                {
                 "height":8,
                 "id":885,
                 "name":"triplod",
                 "properties":
                    {
                     "monster":"triplod"
                    },
                 "propertytypes":
                    {
                     "monster":"string"
                    },
                 "rotation":0,
                 "type":"",
                 "visible":true,
                 "width":8,
                 "x":224,
                 "y":208
                }],
         "opacity":1,
         "type":"objectgroup",
         "visible":true,
         "x":0,
         "y":0
        }, 
        {
         "color":"#00ffff",
         "draworder":"topdown",
         "name":"wiring - locked door",
         "objects":[],
         "opacity":1,
         "type":"objectgroup",
         "visible":true,
         "x":0,
         "y":0
        }, 
        {
         "draworder":"topdown",
         "name":"outside the map",
         "objects":[],
         "opacity":1,
         "type":"objectgroup",
         "visible":true,
         "x":0,
         "y":0
        }, 
        {
         "draworder":"topdown",
         "name":"anchors etc",
         "objects":[
                {
                 "gid":248,
                 "height":8,
                 "id":785,
                 "name":"",
                 "rotation":0,
                 "type":"",
                 "visible":true,
                 "width":8,
                 "x":24,
                 "y":144
                }, 
                {
                 "gid":248,
                 "height":8,
                 "id":802,
                 "name":"",
                 "rotation":0,
                 "type":"",
                 "visible":true,
                 "width":8,
                 "x":304,
                 "y":144
                }],
         "opacity":1,
         "type":"objectgroup",
         "visible":true,
         "x":0,
         "y":0
        }, 
        {
         "draworder":"topdown",
         "name":"items",
         "objects":[],
         "opacity":1,
         "type":"objectgroup",
         "visible":true,
         "x":0,
         "y":0
        }],
 "nextobjectid":888,
 "orientation":"orthogonal",
 "renderorder":"right-down",
 "tiledversion":"1.1.6",
 "tileheight":8,
 "tilesets":[
        {
         "firstgid":1,
         "source":"..\/..\/..\/tilesets\/packed\/materials.json"
        }, 
        {
         "firstgid":198,
         "source":"..\/..\/..\/tilesets\/packed\/supports.json"
        }, 
        {
         "firstgid":235,
         "source":"..\/..\/..\/tilesets\/packed\/miscellaneous.json"
        }, 
        {
         "firstgid":259,
         "source":"..\/..\/..\/tilesets\/packed\/liquids.json"
        }, 
        {
         "firstgid":287,
         "source":"..\/..\/..\/tilesets\/packed\/objects-by-race\/ancient.json"
        }, 
        {
         "firstgid":450,
         "source":"..\/..\/..\/tilesets\/packed\/objects-by-race\/apex.json"
        }, 
        {
         "firstgid":821,
         "source":"..\/..\/..\/tilesets\/packed\/objects-by-race\/avian.json"
        }, 
        {
         "firstgid":1126,
         "source":"..\/..\/..\/tilesets\/packed\/objects-by-race\/floran.json"
        }, 
        {
         "firstgid":1321,
         "source":"..\/..\/..\/tilesets\/packed\/objects-by-race\/generic.json"
        }, 
        {
         "firstgid":3305,
         "source":"..\/..\/..\/tilesets\/packed\/objects-by-race\/glitch.json"
        }, 
        {
         "firstgid":3531,
         "source":"..\/..\/..\/tilesets\/packed\/objects-by-race\/human.json"
        }, 
        {
         "firstgid":3819,
         "source":"..\/..\/..\/tilesets\/packed\/objects-by-race\/hylotl.json"
        }, 
        {
         "firstgid":4051,
         "source":"..\/..\/..\/tilesets\/packed\/objects-by-race\/novakid.json"
        }, 
        {
         "firstgid":4115,
         "source":"..\/..\/..\/tilesets\/packed\/objects-by-category\/breakable.json"
        }, 
        {
         "firstgid":4425,
         "source":"..\/..\/..\/tilesets\/packed\/objects-by-category\/decorative.json"
        }, 
        {
         "firstgid":5866,
         "source":"..\/..\/..\/tilesets\/packed\/objects-by-category\/door.json"
        }, 
        {
         "firstgid":5998,
         "source":"..\/..\/..\/tilesets\/packed\/objects-by-category\/farmable.json"
        }, 
        {
         "firstgid":6073,
         "source":"..\/..\/..\/tilesets\/packed\/objects-by-category\/furniture.json"
        }, 
        {
         "firstgid":6427,
         "source":"..\/..\/..\/tilesets\/packed\/objects-by-category\/light.json"
        }, 
        {
         "firstgid":6885,
         "source":"..\/..\/..\/tilesets\/packed\/objects-by-category\/railpoint.json"
        }, 
        {
         "firstgid":6890,
         "source":"..\/..\/..\/tilesets\/packed\/objects-by-category\/teleporter.json"
        }, 
        {
         "firstgid":6932,
         "source":"..\/..\/..\/tilesets\/packed\/objects-by-category\/trap.json"
        }, 
        {
         "firstgid":7136,
         "source":"..\/..\/..\/tilesets\/packed\/objects-by-category\/wire.json"
        }, 
        {
         "firstgid":7358,
         "source":"..\/..\/..\/tilesets\/packed\/objects-by-type\/container.json"
        }, 
        {
         "firstgid":7643,
         "source":"..\/..\/..\/tilesets\/packed\/objects-by-type\/teleporter.json"
        }, 
        {
         "firstgid":7670,
         "source":"..\/..\/..\/tilesets\/packed\/objects-by-colonytag\/humanbunker.json"
        }, 
        {
         "firstgid":7742,
         "source":"..\/..\/..\/tilesets\/packed\/objects-by-colonytag\/cultist.json"
        }, 
        {
         "firstgid":7751,
         "source":"..\/..\/..\/tilesets\/packed\/objects-by-colonytag\/wreck.json"
        }, 
        {
         "firstgid":7778,
         "source":"..\/..\/..\/tilesets\/packed\/objects-by-colonytag\/humanprison.json"
        }, 
        {
         "firstgid":7872,
         "source":"..\/..\/..\/tilesets\/packed\/objects-by-colonytag\/cooking.json"
        }],
 "tilewidth":8,
 "type":"map",
 "version":1,
 "width":42
}