{ "backgroundcolor":"#000000",
 "height":23,
 "infinite":false,
 "layers":[
        {
         "compression":"zlib",
         "data":"eJx7w8DA8GYUDzg2HiSYVHfvIAGXILEPAXEjGj6EQy0xmFR3Z5GA1wHxNCjG5W6Y\/DoSzR5196i7R9099N1NSllFqrtpWQ4eIgGT6m5SzKZlfUmqu0frS8rCGxnjcje92ifLgXgXkRhZLS53Y1NLjLnkuJvYvIOuFpu7caklZO5IcvdQTCeU5Et0++mZL9kHCSbV3aOYNhgA1sHBcQ==",
         "encoding":"base64",
         "height":23,
         "name":"back",
         "opacity":0.5,
         "type":"tilelayer",
         "visible":true,
         "width":46,
         "x":0,
         "y":0
        }, 
        {
         "compression":"zlib",
         "data":"eJztlbEJACAMBO0cyAldzR0yhUtok9o8aHjhD66VI0FSimCgkYgySVS3utWtbubuvjWy7gGItBv4Ngpy06Lt3sxwL73FgqL7edX947887eHGn83u1rxzuzVvjEqi4GABxZYECw==",
         "encoding":"base64",
         "height":23,
         "name":"front",
         "opacity":1,
         "type":"tilelayer",
         "visible":true,
         "width":46,
         "x":0,
         "y":0
        }, 
        {
         "color":"#5555ff",
         "draworder":"topdown",
         "name":"mods",
         "objects":[
                {
                 "height":88,
                 "id":764,
                 "name":"",
                 "properties":
                    {
                     "allowOverdrawing":"true",
                     "front":"slopedrustypanel"
                    },
                 "propertytypes":
                    {
                     "allowOverdrawing":"string",
                     "front":"string"
                    },
                 "rotation":0,
                 "type":"",
                 "visible":true,
                 "width":8,
                 "x":32,
                 "y":16
                }, 
                {
                 "height":48,
                 "id":767,
                 "name":"",
                 "properties":
                    {
                     "allowOverdrawing":"true",
                     "back":"slopedrustypanel",
                     "front":"castlewalls1"
                    },
                 "propertytypes":
                    {
                     "allowOverdrawing":"string",
                     "back":"string",
                     "front":"string"
                    },
                 "rotation":0,
                 "type":"",
                 "visible":true,
                 "width":8,
                 "x":40,
                 "y":32
                }, 
                {
                 "height":88,
                 "id":773,
                 "name":"",
                 "properties":
                    {
                     "allowOverdrawing":"true",
                     "front":"slopedrustypanel"
                    },
                 "propertytypes":
                    {
                     "allowOverdrawing":"string",
                     "front":"string"
                    },
                 "rotation":0,
                 "type":"",
                 "visible":true,
                 "width":8,
                 "x":328,
                 "y":16
                }, 
                {
                 "height":8,
                 "id":778,
                 "name":"",
                 "properties":
                    {
                     "allowOverdrawing":"true",
                     "back":"ridgebrick",
                     "front":"ridgebrick"
                    },
                 "propertytypes":
                    {
                     "allowOverdrawing":"string",
                     "back":"string",
                     "front":"string"
                    },
                 "rotation":0,
                 "type":"",
                 "visible":true,
                 "width":16,
                 "x":32,
                 "y":104
                }, 
                {
                 "height":8,
                 "id":781,
                 "name":"",
                 "properties":
                    {
                     "allowOverdrawing":"true",
                     "front":"castlewalls1"
                    },
                 "propertytypes":
                    {
                     "allowOverdrawing":"string",
                     "front":"string"
                    },
                 "rotation":0,
                 "type":"",
                 "visible":true,
                 "width":8,
                 "x":320,
                 "y":16
                }, 
                {
                 "height":8,
                 "id":784,
                 "name":"",
                 "properties":
                    {
                     "allowOverdrawing":"true",
                     "back":"ridgebrick",
                     "front":"ridgebrick"
                    },
                 "propertytypes":
                    {
                     "allowOverdrawing":"string",
                     "back":"string",
                     "front":"string"
                    },
                 "rotation":0,
                 "type":"",
                 "visible":true,
                 "width":8,
                 "x":40,
                 "y":24
                }, 
                {
                 "height":8,
                 "id":785,
                 "name":"",
                 "properties":
                    {
                     "allowOverdrawing":"true",
                     "front":"castlewalls1"
                    },
                 "propertytypes":
                    {
                     "allowOverdrawing":"string",
                     "front":"string"
                    },
                 "rotation":0,
                 "type":"",
                 "visible":true,
                 "width":8,
                 "x":40,
                 "y":16
                }, 
                {
                 "height":8,
                 "id":786,
                 "name":"",
                 "properties":
                    {
                     "allowOverdrawing":"true",
                     "back":"ridgebrick",
                     "front":"ridgebrick"
                    },
                 "propertytypes":
                    {
                     "allowOverdrawing":"string",
                     "back":"string",
                     "front":"string"
                    },
                 "rotation":0,
                 "type":"",
                 "visible":true,
                 "width":16,
                 "x":320,
                 "y":104
                }, 
                {
                 "height":8,
                 "id":834,
                 "name":"",
                 "properties":
                    {
                     "allowOverdrawing":"true",
                     "back":"slopedrustypanel",
                     "front":"slopedrustypanel"
                    },
                 "propertytypes":
                    {
                     "allowOverdrawing":"string",
                     "back":"string",
                     "front":"string"
                    },
                 "rotation":0,
                 "type":"",
                 "visible":true,
                 "width":8,
                 "x":40,
                 "y":88
                }, 
                {
                 "height":8,
                 "id":835,
                 "name":"",
                 "properties":
                    {
                     "allowOverdrawing":"true",
                     "back":"slopedrustypanel",
                     "front":"castlewalls1"
                    },
                 "propertytypes":
                    {
                     "allowOverdrawing":"string",
                     "back":"string",
                     "front":"string"
                    },
                 "rotation":0,
                 "type":"",
                 "visible":true,
                 "width":8,
                 "x":40,
                 "y":96
                }, 
                {
                 "height":8,
                 "id":836,
                 "name":"",
                 "properties":
                    {
                     "allowOverdrawing":"true",
                     "back":"slopedrustypanel",
                     "front":"castlewalls1"
                    },
                 "propertytypes":
                    {
                     "allowOverdrawing":"string",
                     "back":"string",
                     "front":"string"
                    },
                 "rotation":0,
                 "type":"",
                 "visible":true,
                 "width":8,
                 "x":320,
                 "y":96
                }, 
                {
                 "height":8,
                 "id":837,
                 "name":"",
                 "properties":
                    {
                     "allowOverdrawing":"true",
                     "back":"slopedrustypanel",
                     "front":"slopedrustypanel"
                    },
                 "propertytypes":
                    {
                     "allowOverdrawing":"string",
                     "back":"string",
                     "front":"string"
                    },
                 "rotation":0,
                 "type":"",
                 "visible":true,
                 "width":8,
                 "x":320,
                 "y":88
                }, 
                {
                 "height":8,
                 "id":838,
                 "name":"",
                 "properties":
                    {
                     "allowOverdrawing":"true",
                     "back":"ridgebrick",
                     "front":"ridgebrick"
                    },
                 "propertytypes":
                    {
                     "allowOverdrawing":"string",
                     "back":"string",
                     "front":"string"
                    },
                 "rotation":0,
                 "type":"",
                 "visible":true,
                 "width":8,
                 "x":320,
                 "y":24
                }, 
                {
                 "height":48,
                 "id":839,
                 "name":"",
                 "properties":
                    {
                     "allowOverdrawing":"true",
                     "back":"slopedrustypanel",
                     "front":"castlewalls1"
                    },
                 "propertytypes":
                    {
                     "allowOverdrawing":"string",
                     "back":"string",
                     "front":"string"
                    },
                 "rotation":0,
                 "type":"",
                 "visible":true,
                 "width":8,
                 "x":320,
                 "y":32
                }, 
                {
                 "height":8,
                 "id":867,
                 "name":"",
                 "properties":
                    {
                     "allowOverdrawing":"true",
                     "back":"ridgebrick",
                     "front":"ridgebrick"
                    },
                 "propertytypes":
                    {
                     "allowOverdrawing":"string",
                     "back":"string",
                     "front":"string"
                    },
                 "rotation":0,
                 "type":"",
                 "visible":true,
                 "width":8,
                 "x":40,
                 "y":80
                }, 
                {
                 "height":8,
                 "id":868,
                 "name":"",
                 "properties":
                    {
                     "allowOverdrawing":"true",
                     "back":"ridgebrick",
                     "front":"ridgebrick"
                    },
                 "propertytypes":
                    {
                     "allowOverdrawing":"string",
                     "back":"string",
                     "front":"string"
                    },
                 "rotation":0,
                 "type":"",
                 "visible":true,
                 "width":8,
                 "x":320,
                 "y":80
                }],
         "opacity":1,
         "type":"objectgroup",
         "visible":true,
         "x":0,
         "y":0
        }, 
        {
         "color":"#ff0000",
         "draworder":"topdown",
         "name":"objects",
         "objects":[
                {
                 "gid":2147491332,
                 "height":16,
                 "id":840,
                 "name":"",
                 "rotation":0,
                 "type":"",
                 "visible":true,
                 "width":48,
                 "x":56,
                 "y":160
                }, 
                {
                 "gid":7684,
                 "height":16,
                 "id":841,
                 "name":"",
                 "rotation":0,
                 "type":"",
                 "visible":true,
                 "width":48,
                 "x":264,
                 "y":160
                }, 
                {
                 "gid":2147491332,
                 "height":16,
                 "id":842,
                 "name":"",
                 "rotation":0,
                 "type":"",
                 "visible":true,
                 "width":48,
                 "x":112,
                 "y":160
                }, 
                {
                 "gid":7684,
                 "height":16,
                 "id":843,
                 "name":"",
                 "rotation":0,
                 "type":"",
                 "visible":true,
                 "width":48,
                 "x":208,
                 "y":160
                }, 
                {
                 "gid":2147491388,
                 "height":40,
                 "id":844,
                 "name":"",
                 "rotation":0,
                 "type":"",
                 "visible":true,
                 "width":9,
                 "x":72,
                 "y":88
                }, 
                {
                 "gid":2147491381,
                 "height":40,
                 "id":845,
                 "name":"",
                 "rotation":0,
                 "type":"",
                 "visible":true,
                 "width":9,
                 "x":104,
                 "y":88
                }, 
                {
                 "gid":7192,
                 "height":4,
                 "id":846,
                 "name":"",
                 "rotation":0,
                 "type":"",
                 "visible":true,
                 "width":8,
                 "x":64,
                 "y":88
                }, 
                {
                 "gid":7192,
                 "height":4,
                 "id":847,
                 "name":"",
                 "rotation":0,
                 "type":"",
                 "visible":true,
                 "width":8,
                 "x":96,
                 "y":88
                }, 
                {
                 "gid":6600,
                 "height":8,
                 "id":848,
                 "name":"",
                 "rotation":0,
                 "type":"",
                 "visible":true,
                 "width":24,
                 "x":80,
                 "y":32
                }, 
                {
                 "gid":6600,
                 "height":8,
                 "id":849,
                 "name":"",
                 "rotation":0,
                 "type":"",
                 "visible":true,
                 "width":24,
                 "x":264,
                 "y":32
                }, 
                {
                 "gid":7819,
                 "height":40,
                 "id":850,
                 "name":"",
                 "rotation":0,
                 "type":"",
                 "visible":true,
                 "width":24,
                 "x":296,
                 "y":88
                }, 
                {
                 "gid":7819,
                 "height":40,
                 "id":851,
                 "name":"",
                 "rotation":0,
                 "type":"",
                 "visible":true,
                 "width":24,
                 "x":272,
                 "y":88
                }, 
                {
                 "gid":7819,
                 "height":40,
                 "id":852,
                 "name":"",
                 "rotation":0,
                 "type":"",
                 "visible":true,
                 "width":24,
                 "x":248,
                 "y":88
                }, 
                {
                 "gid":7139,
                 "height":8,
                 "id":853,
                 "name":"",
                 "properties":
                    {
                     "parameters":"{ \"defaultSwitchState\" : true }"
                    },
                 "propertytypes":
                    {
                     "parameters":"string"
                    },
                 "rotation":0,
                 "type":"",
                 "visible":true,
                 "width":8,
                 "x":224,
                 "y":72
                }, 
                {
                 "gid":7139,
                 "height":8,
                 "id":856,
                 "name":"",
                 "properties":
                    {
                     "parameters":"{ \"defaultSwitchState\" : true }"
                    },
                 "propertytypes":
                    {
                     "parameters":"string"
                    },
                 "rotation":0,
                 "type":"",
                 "visible":true,
                 "width":8,
                 "x":136,
                 "y":72
                }, 
                {
                 "gid":6834,
                 "height":8,
                 "id":859,
                 "name":"",
                 "rotation":0,
                 "type":"",
                 "visible":true,
                 "width":8,
                 "x":248,
                 "y":112
                }, 
                {
                 "gid":6834,
                 "height":8,
                 "id":860,
                 "name":"",
                 "rotation":0,
                 "type":"",
                 "visible":true,
                 "width":8,
                 "x":272,
                 "y":112
                }, 
                {
                 "gid":6834,
                 "height":8,
                 "id":861,
                 "name":"",
                 "rotation":0,
                 "type":"",
                 "visible":true,
                 "width":8,
                 "x":296,
                 "y":112
                }, 
                {
                 "gid":6834,
                 "height":8,
                 "id":862,
                 "name":"",
                 "rotation":0,
                 "type":"",
                 "visible":true,
                 "width":8,
                 "x":112,
                 "y":112
                }, 
                {
                 "gid":6834,
                 "height":8,
                 "id":863,
                 "name":"",
                 "rotation":0,
                 "type":"",
                 "visible":true,
                 "width":8,
                 "x":88,
                 "y":112
                }, 
                {
                 "gid":6834,
                 "height":8,
                 "id":864,
                 "name":"",
                 "rotation":0,
                 "type":"",
                 "visible":true,
                 "width":8,
                 "x":64,
                 "y":112
                }],
         "opacity":1,
         "type":"objectgroup",
         "visible":true,
         "x":0,
         "y":0
        }, 
        {
         "color":"#ffff00",
         "draworder":"topdown",
         "name":"wiring - lights & guns",
         "objects":[
                {
                 "height":0,
                 "id":857,
                 "name":"",
                 "polyline":[
                        {
                         "x":0,
                         "y":0
                        }, 
                        {
                         "x":48,
                         "y":-40
                        }],
                 "rotation":0,
                 "type":"",
                 "visible":true,
                 "width":0,
                 "x":224,
                 "y":64
                }, 
                {
                 "height":0,
                 "id":858,
                 "name":"",
                 "polyline":[
                        {
                         "x":0,
                         "y":0
                        }, 
                        {
                         "x":-48,
                         "y":-40
                        }],
                 "rotation":0,
                 "type":"",
                 "visible":true,
                 "width":0,
                 "x":136,
                 "y":64
                }],
         "opacity":1,
         "type":"objectgroup",
         "visible":true,
         "x":0,
         "y":0
        }, 
        {
         "color":"#ff0000",
         "draworder":"topdown",
         "name":"monsters & npcs",
         "objects":[
                {
                 "height":8,
                 "id":870,
                 "name":"",
                 "properties":
                    {
                     "npc":"human",
                     "typeName":"corporatemarine"
                    },
                 "propertytypes":
                    {
                     "npc":"string",
                     "typeName":"string"
                    },
                 "rotation":0,
                 "type":"",
                 "visible":true,
                 "width":8,
                 "x":160,
                 "y":144
                }, 
                {
                 "height":8,
                 "id":871,
                 "name":"",
                 "properties":
                    {
                     "npc":"human",
                     "typeName":"corporatemarine"
                    },
                 "propertytypes":
                    {
                     "npc":"string",
                     "typeName":"string"
                    },
                 "rotation":0,
                 "type":"",
                 "visible":true,
                 "width":8,
                 "x":280,
                 "y":72
                }, 
                {
                 "gid":5133,
                 "height":16,
                 "id":873,
                 "name":"",
                 "rotation":0,
                 "type":"",
                 "visible":true,
                 "width":64,
                 "x":152,
                 "y":72
                }],
         "opacity":1,
         "type":"objectgroup",
         "visible":true,
         "x":0,
         "y":0
        }, 
        {
         "color":"#00ffff",
         "draworder":"topdown",
         "name":"wiring - locked door",
         "objects":[],
         "opacity":1,
         "type":"objectgroup",
         "visible":true,
         "x":0,
         "y":0
        }, 
        {
         "draworder":"topdown",
         "name":"outside the map",
         "objects":[],
         "opacity":1,
         "type":"objectgroup",
         "visible":true,
         "x":0,
         "y":0
        }, 
        {
         "draworder":"topdown",
         "name":"anchors etc",
         "objects":[
                {
                 "gid":248,
                 "height":8,
                 "id":756,
                 "name":"",
                 "rotation":0,
                 "type":"",
                 "visible":true,
                 "width":8,
                 "x":40,
                 "y":160
                }, 
                {
                 "gid":248,
                 "height":8,
                 "id":757,
                 "name":"",
                 "rotation":0,
                 "type":"",
                 "visible":true,
                 "width":8,
                 "x":320,
                 "y":160
                }],
         "opacity":1,
         "type":"objectgroup",
         "visible":true,
         "x":0,
         "y":0
        }, 
        {
         "draworder":"topdown",
         "name":"items",
         "objects":[],
         "opacity":1,
         "type":"objectgroup",
         "visible":true,
         "x":0,
         "y":0
        }],
 "nextobjectid":874,
 "orientation":"orthogonal",
 "renderorder":"right-down",
 "tiledversion":"1.1.6",
 "tileheight":8,
 "tilesets":[
        {
         "firstgid":1,
         "source":"..\/..\/..\/tilesets\/packed\/materials.json"
        }, 
        {
         "firstgid":198,
         "source":"..\/..\/..\/tilesets\/packed\/supports.json"
        }, 
        {
         "firstgid":235,
         "source":"..\/..\/..\/tilesets\/packed\/miscellaneous.json"
        }, 
        {
         "firstgid":259,
         "source":"..\/..\/..\/tilesets\/packed\/liquids.json"
        }, 
        {
         "firstgid":287,
         "source":"..\/..\/..\/tilesets\/packed\/objects-by-race\/ancient.json"
        }, 
        {
         "firstgid":450,
         "source":"..\/..\/..\/tilesets\/packed\/objects-by-race\/apex.json"
        }, 
        {
         "firstgid":821,
         "source":"..\/..\/..\/tilesets\/packed\/objects-by-race\/avian.json"
        }, 
        {
         "firstgid":1126,
         "source":"..\/..\/..\/tilesets\/packed\/objects-by-race\/floran.json"
        }, 
        {
         "firstgid":1321,
         "source":"..\/..\/..\/tilesets\/packed\/objects-by-race\/generic.json"
        }, 
        {
         "firstgid":3305,
         "source":"..\/..\/..\/tilesets\/packed\/objects-by-race\/glitch.json"
        }, 
        {
         "firstgid":3531,
         "source":"..\/..\/..\/tilesets\/packed\/objects-by-race\/human.json"
        }, 
        {
         "firstgid":3819,
         "source":"..\/..\/..\/tilesets\/packed\/objects-by-race\/hylotl.json"
        }, 
        {
         "firstgid":4051,
         "source":"..\/..\/..\/tilesets\/packed\/objects-by-race\/novakid.json"
        }, 
        {
         "firstgid":4115,
         "source":"..\/..\/..\/tilesets\/packed\/objects-by-category\/breakable.json"
        }, 
        {
         "firstgid":4425,
         "source":"..\/..\/..\/tilesets\/packed\/objects-by-category\/decorative.json"
        }, 
        {
         "firstgid":5866,
         "source":"..\/..\/..\/tilesets\/packed\/objects-by-category\/door.json"
        }, 
        {
         "firstgid":5998,
         "source":"..\/..\/..\/tilesets\/packed\/objects-by-category\/farmable.json"
        }, 
        {
         "firstgid":6073,
         "source":"..\/..\/..\/tilesets\/packed\/objects-by-category\/furniture.json"
        }, 
        {
         "firstgid":6427,
         "source":"..\/..\/..\/tilesets\/packed\/objects-by-category\/light.json"
        }, 
        {
         "firstgid":6885,
         "source":"..\/..\/..\/tilesets\/packed\/objects-by-category\/railpoint.json"
        }, 
        {
         "firstgid":6890,
         "source":"..\/..\/..\/tilesets\/packed\/objects-by-category\/teleporter.json"
        }, 
        {
         "firstgid":6932,
         "source":"..\/..\/..\/tilesets\/packed\/objects-by-category\/trap.json"
        }, 
        {
         "firstgid":7136,
         "source":"..\/..\/..\/tilesets\/packed\/objects-by-category\/wire.json"
        }, 
        {
         "firstgid":7358,
         "source":"..\/..\/..\/tilesets\/packed\/objects-by-type\/container.json"
        }, 
        {
         "firstgid":7643,
         "source":"..\/..\/..\/tilesets\/packed\/objects-by-type\/teleporter.json"
        }, 
        {
         "firstgid":7670,
         "source":"..\/..\/..\/tilesets\/packed\/objects-by-colonytag\/wreck.json"
        }, 
        {
         "firstgid":7697,
         "source":"..\/..\/..\/tilesets\/packed\/objects-by-colonytag\/humanprison.json"
        }, 
        {
         "firstgid":7791,
         "source":"..\/..\/..\/tilesets\/packed\/objects-by-colonytag\/outpost.json"
        }, 
        {
         "firstgid":7895,
         "source":"..\/..\/..\/tilesets\/packed\/objects-by-colonytag\/cultist.json"
        }],
 "tilewidth":8,
 "type":"map",
 "version":1,
 "width":46
}