{ "backgroundcolor":"#000000",
 "height":56,
 "infinite":false,
 "layers":[
        {
         "compression":"zlib",
         "data":"eJztmM0NgzAMhXNjoC5IlmCFrlD1yDwM0SL1EEUNfjHFcZp3eEJCdvjkH6x4CyFsFNWJbk4kcT6cSOJcnIic5EQ4tX3AeJJzZM7WcwidR63nOjrf7289BeU2Gh\/JFuFcBeU2Gh\/J9p84kbzk54J5nxEhnGid73zx82zRR1NBeW5iovT9cnBGjbT\/+Zp4WvznkZmUxzD+iK2GkZw2nJb1eYYT7ff14PuMZ3\/16Y0TOedqToS15OdtHpX8LPt9hHj2Up\/k1HEid+udK71TRNDPep\/sIZ7kHJOzlz5C7tbf9ghe92DKfQj3YI45e8g7WudX9tCZPZi1JE6K8qQXLrU2tg==",
         "encoding":"base64",
         "height":56,
         "name":"back",
         "opacity":0.5,
         "type":"tilelayer",
         "visible":true,
         "width":42,
         "x":0,
         "y":0
        }, 
        {
         "compression":"zlib",
         "data":"eJzt2DsOwyAQRVF32X\/jBXkPWUU2YVFYSoGYD2Mz4PukV1o5IhoEbBsh82RPUpw4V3Qeho5ylt\/+GRphtTqtxiirxek1Rli1zl5jr1XKNQsRxn+rtVIifT3FiRMnziufRr+Ktr63VEpr79Wsg2dP9+zzJaPPS9rgxFlz1uY8ozPjenrOo733uZWctf\/8aafGWvtmhnvxiHl\/23pmdGZ9D\/Gc5aS55\/7erjTvWZyzrCfOdzqZI5w413BGvWPd\/Q5GSKacWOXREA==",
         "encoding":"base64",
         "height":56,
         "name":"front",
         "opacity":1,
         "type":"tilelayer",
         "visible":true,
         "width":42,
         "x":0,
         "y":0
        }, 
        {
         "color":"#5555ff",
         "draworder":"topdown",
         "name":"mods",
         "objects":[
                {
                 "height":88,
                 "id":791,
                 "name":"",
                 "properties":
                    {
                     "allowOverdrawing":"true",
                     "front":"slopedrustypanel"
                    },
                 "propertytypes":
                    {
                     "allowOverdrawing":"string",
                     "front":"string"
                    },
                 "rotation":0,
                 "type":"",
                 "visible":true,
                 "width":8,
                 "x":312,
                 "y":264
                }, 
                {
                 "height":8,
                 "id":794,
                 "name":"",
                 "properties":
                    {
                     "allowOverdrawing":"true",
                     "back":"ridgebrick",
                     "front":"ridgebrick"
                    },
                 "propertytypes":
                    {
                     "allowOverdrawing":"string",
                     "back":"string",
                     "front":"string"
                    },
                 "rotation":0,
                 "type":"",
                 "visible":true,
                 "width":16,
                 "x":16,
                 "y":352
                }, 
                {
                 "height":88,
                 "id":796,
                 "name":"",
                 "properties":
                    {
                     "allowOverdrawing":"true",
                     "front":"slopedrustypanel"
                    },
                 "propertytypes":
                    {
                     "allowOverdrawing":"string",
                     "front":"string"
                    },
                 "rotation":0,
                 "type":"",
                 "visible":true,
                 "width":8,
                 "x":16,
                 "y":264
                }, 
                {
                 "height":8,
                 "id":799,
                 "name":"",
                 "properties":
                    {
                     "allowOverdrawing":"true",
                     "back":"ridgebrick",
                     "front":"ridgebrick"
                    },
                 "propertytypes":
                    {
                     "allowOverdrawing":"string",
                     "back":"string",
                     "front":"string"
                    },
                 "rotation":0,
                 "type":"",
                 "visible":true,
                 "width":16,
                 "x":304,
                 "y":352
                }, 
                {
                 "height":88,
                 "id":803,
                 "name":"",
                 "properties":
                    {
                     "allowOverdrawing":"true",
                     "front":"slopedrustypanel"
                    },
                 "propertytypes":
                    {
                     "allowOverdrawing":"string",
                     "front":"string"
                    },
                 "rotation":0,
                 "type":"",
                 "visible":true,
                 "width":8,
                 "x":312,
                 "y":32
                }, 
                {
                 "height":80,
                 "id":807,
                 "name":"",
                 "properties":
                    {
                     "allowOverdrawing":"true",
                     "back":"slopedrustypanel",
                     "front":"concrete"
                    },
                 "propertytypes":
                    {
                     "allowOverdrawing":"string",
                     "back":"string",
                     "front":"string"
                    },
                 "rotation":0,
                 "type":"",
                 "visible":true,
                 "width":8,
                 "x":24,
                 "y":32
                }, 
                {
                 "height":88,
                 "id":808,
                 "name":"",
                 "properties":
                    {
                     "allowOverdrawing":"true",
                     "front":"slopedrustypanel"
                    },
                 "propertytypes":
                    {
                     "allowOverdrawing":"string",
                     "front":"string"
                    },
                 "rotation":0,
                 "type":"",
                 "visible":true,
                 "width":8,
                 "x":16,
                 "y":32
                }, 
                {
                 "height":8,
                 "id":809,
                 "name":"",
                 "properties":
                    {
                     "allowOverdrawing":"true",
                     "back":"ridgebrick",
                     "front":"ridgebrick"
                    },
                 "propertytypes":
                    {
                     "allowOverdrawing":"string",
                     "back":"string",
                     "front":"string"
                    },
                 "rotation":0,
                 "type":"",
                 "visible":true,
                 "width":16,
                 "x":16,
                 "y":120
                }, 
                {
                 "height":8,
                 "id":814,
                 "name":"",
                 "properties":
                    {
                     "allowOverdrawing":"true",
                     "back":"ridgebrick",
                     "front":"ridgebrick"
                    },
                 "propertytypes":
                    {
                     "allowOverdrawing":"string",
                     "back":"string",
                     "front":"string"
                    },
                 "rotation":0,
                 "type":"",
                 "visible":true,
                 "width":16,
                 "x":304,
                 "y":120
                }, 
                {
                 "height":40,
                 "id":848,
                 "name":"",
                 "properties":
                    {
                     "allowOverdrawing":"true",
                     "back":"slopedrustypanel",
                     "front":"castlewalls1"
                    },
                 "propertytypes":
                    {
                     "allowOverdrawing":"string",
                     "back":"string",
                     "front":"string"
                    },
                 "rotation":0,
                 "type":"",
                 "visible":true,
                 "width":8,
                 "x":24,
                 "y":312
                }, 
                {
                 "height":8,
                 "id":849,
                 "name":"",
                 "properties":
                    {
                     "allowOverdrawing":"true",
                     "back":"slopedrustypanel",
                     "front":"slopedrustypanel"
                    },
                 "propertytypes":
                    {
                     "allowOverdrawing":"string",
                     "back":"string",
                     "front":"string"
                    },
                 "rotation":0,
                 "type":"",
                 "visible":true,
                 "width":8,
                 "x":304,
                 "y":304
                }, 
                {
                 "height":8,
                 "id":851,
                 "name":"",
                 "properties":
                    {
                     "allowOverdrawing":"true",
                     "back":"slopedrustypanel",
                     "front":"slopedrustypanel"
                    },
                 "propertytypes":
                    {
                     "allowOverdrawing":"string",
                     "back":"string",
                     "front":"string"
                    },
                 "rotation":0,
                 "type":"",
                 "visible":true,
                 "width":8,
                 "x":24,
                 "y":304
                }, 
                {
                 "height":40,
                 "id":853,
                 "name":"",
                 "properties":
                    {
                     "allowOverdrawing":"true",
                     "back":"concrete",
                     "front":"concrete"
                    },
                 "propertytypes":
                    {
                     "allowOverdrawing":"string",
                     "back":"string",
                     "front":"string"
                    },
                 "rotation":0,
                 "type":"",
                 "visible":true,
                 "width":8,
                 "x":24,
                 "y":264
                }, 
                {
                 "height":40,
                 "id":854,
                 "name":"",
                 "properties":
                    {
                     "allowOverdrawing":"true",
                     "back":"concrete",
                     "front":"concrete"
                    },
                 "propertytypes":
                    {
                     "allowOverdrawing":"string",
                     "back":"string",
                     "front":"string"
                    },
                 "rotation":0,
                 "type":"",
                 "visible":true,
                 "width":8,
                 "x":304,
                 "y":264
                }, 
                {
                 "height":40,
                 "id":855,
                 "name":"",
                 "properties":
                    {
                     "allowOverdrawing":"true",
                     "back":"slopedrustypanel",
                     "front":"castlewalls1"
                    },
                 "propertytypes":
                    {
                     "allowOverdrawing":"string",
                     "back":"string",
                     "front":"string"
                    },
                 "rotation":0,
                 "type":"",
                 "visible":true,
                 "width":8,
                 "x":304,
                 "y":312
                }, 
                {
                 "height":80,
                 "id":856,
                 "name":"",
                 "properties":
                    {
                     "allowOverdrawing":"true",
                     "back":"slopedrustypanel",
                     "front":"concrete"
                    },
                 "propertytypes":
                    {
                     "allowOverdrawing":"string",
                     "back":"string",
                     "front":"string"
                    },
                 "rotation":0,
                 "type":"",
                 "visible":true,
                 "width":8,
                 "x":304,
                 "y":32
                }, 
                {
                 "height":8,
                 "id":857,
                 "name":"",
                 "properties":
                    {
                     "allowOverdrawing":"true",
                     "back":"slopedrustypanel",
                     "front":"slopedrustypanel"
                    },
                 "propertytypes":
                    {
                     "allowOverdrawing":"string",
                     "back":"string",
                     "front":"string"
                    },
                 "rotation":0,
                 "type":"",
                 "visible":true,
                 "width":8,
                 "x":304,
                 "y":112
                }, 
                {
                 "height":8,
                 "id":858,
                 "name":"",
                 "properties":
                    {
                     "allowOverdrawing":"true",
                     "back":"slopedrustypanel",
                     "front":"slopedrustypanel"
                    },
                 "propertytypes":
                    {
                     "allowOverdrawing":"string",
                     "back":"string",
                     "front":"string"
                    },
                 "rotation":0,
                 "type":"",
                 "visible":true,
                 "width":8,
                 "x":24,
                 "y":112
                }],
         "opacity":1,
         "type":"objectgroup",
         "visible":true,
         "x":0,
         "y":0
        }, 
        {
         "color":"#ff0000",
         "draworder":"topdown",
         "name":"objects",
         "objects":[
                {
                 "gid":6612,
                 "height":16,
                 "id":823,
                 "name":"",
                 "rotation":0,
                 "type":"",
                 "visible":true,
                 "width":24,
                 "x":80,
                 "y":96
                }, 
                {
                 "gid":6612,
                 "height":16,
                 "id":824,
                 "name":"",
                 "rotation":0,
                 "type":"",
                 "visible":true,
                 "width":24,
                 "x":144,
                 "y":96
                }, 
                {
                 "gid":6612,
                 "height":16,
                 "id":836,
                 "name":"",
                 "rotation":0,
                 "type":"",
                 "visible":true,
                 "width":24,
                 "x":40,
                 "y":328
                }, 
                {
                 "gid":7712,
                 "height":32,
                 "id":861,
                 "name":"",
                 "rotation":0,
                 "type":"",
                 "visible":true,
                 "width":16,
                 "x":168,
                 "y":408
                }, 
                {
                 "gid":2147489861,
                 "height":20,
                 "id":862,
                 "name":"",
                 "rotation":0,
                 "type":"",
                 "visible":true,
                 "width":16,
                 "x":192,
                 "y":408
                }, 
                {
                 "gid":7752,
                 "height":32,
                 "id":863,
                 "name":"",
                 "properties":
                    {
                     "parameters":"{\"treasurePools\":[\"humanbunkertreasure\"]}"
                    },
                 "propertytypes":
                    {
                     "parameters":"string"
                    },
                 "rotation":0,
                 "type":"",
                 "visible":true,
                 "width":40,
                 "x":248,
                 "y":408
                }, 
                {
                 "gid":7813,
                 "height":24,
                 "id":864,
                 "name":"",
                 "rotation":0,
                 "type":"",
                 "visible":true,
                 "width":16,
                 "x":232,
                 "y":408
                }, 
                {
                 "gid":7774,
                 "height":32,
                 "id":865,
                 "name":"",
                 "rotation":0,
                 "type":"",
                 "visible":true,
                 "width":32,
                 "x":48,
                 "y":408
                }, 
                {
                 "gid":7840,
                 "height":32,
                 "id":866,
                 "name":"",
                 "properties":
                    {
                     "parameters":"{\"treasurePools\":[\"humanbunkertreasure\"]}"
                    },
                 "propertytypes":
                    {
                     "parameters":"string"
                    },
                 "rotation":0,
                 "type":"",
                 "visible":true,
                 "width":16,
                 "x":80,
                 "y":408
                }, 
                {
                 "gid":6586,
                 "height":16,
                 "id":867,
                 "name":"",
                 "rotation":0,
                 "type":"",
                 "visible":true,
                 "width":24,
                 "x":272,
                 "y":328
                }, 
                {
                 "gid":7793,
                 "height":32,
                 "id":868,
                 "name":"",
                 "rotation":0,
                 "type":"",
                 "visible":true,
                 "width":40,
                 "x":248,
                 "y":176
                }, 
                {
                 "gid":2147491519,
                 "height":16,
                 "id":869,
                 "name":"",
                 "rotation":0,
                 "type":"",
                 "visible":true,
                 "width":16,
                 "x":224,
                 "y":160
                }, 
                {
                 "gid":7801,
                 "height":24,
                 "id":870,
                 "name":"",
                 "rotation":0,
                 "type":"",
                 "visible":true,
                 "width":24,
                 "x":144,
                 "y":216
                }, 
                {
                 "gid":7801,
                 "height":24,
                 "id":871,
                 "name":"",
                 "rotation":0,
                 "type":"",
                 "visible":true,
                 "width":24,
                 "x":80,
                 "y":216
                }, 
                {
                 "gid":7801,
                 "height":24,
                 "id":872,
                 "name":"",
                 "rotation":0,
                 "type":"",
                 "visible":true,
                 "width":24,
                 "x":80,
                 "y":264
                }, 
                {
                 "gid":7801,
                 "height":24,
                 "id":873,
                 "name":"",
                 "rotation":0,
                 "type":"",
                 "visible":true,
                 "width":24,
                 "x":144,
                 "y":264
                }, 
                {
                 "gid":6213,
                 "height":20,
                 "id":880,
                 "name":"",
                 "rotation":0,
                 "type":"",
                 "visible":true,
                 "width":16,
                 "x":56,
                 "y":176
                }, 
                {
                 "gid":3856,
                 "height":16,
                 "id":881,
                 "name":"",
                 "rotation":0,
                 "type":"",
                 "visible":true,
                 "width":8,
                 "x":72,
                 "y":176
                }],
         "opacity":1,
         "type":"objectgroup",
         "visible":true,
         "x":0,
         "y":0
        }, 
        {
         "color":"#ffff00",
         "draworder":"topdown",
         "name":"wiring - lights & guns",
         "objects":[],
         "opacity":1,
         "type":"objectgroup",
         "visible":true,
         "x":0,
         "y":0
        }, 
        {
         "color":"#ff0000",
         "draworder":"topdown",
         "name":"monsters & npcs",
         "objects":[
                {
                 "height":8,
                 "id":883,
                 "name":"",
                 "properties":
                    {
                     "npc":"human",
                     "typeName":"corporatemarine"
                    },
                 "propertytypes":
                    {
                     "npc":"string",
                     "typeName":"string"
                    },
                 "rotation":0,
                 "type":"",
                 "visible":true,
                 "width":8,
                 "x":208,
                 "y":392
                }, 
                {
                 "height":8,
                 "id":885,
                 "name":"",
                 "properties":
                    {
                     "npc":"human",
                     "typeName":"corporatemarine"
                    },
                 "propertytypes":
                    {
                     "npc":"string",
                     "typeName":"string"
                    },
                 "rotation":0,
                 "type":"",
                 "visible":true,
                 "width":8,
                 "x":168,
                 "y":160
                }, 
                {
                 "height":8,
                 "id":886,
                 "name":"triplod",
                 "properties":
                    {
                     "monster":"triplod"
                    },
                 "propertytypes":
                    {
                     "monster":"string"
                    },
                 "rotation":0,
                 "type":"",
                 "visible":true,
                 "width":8,
                 "x":200,
                 "y":304
                }, 
                {
                 "height":8,
                 "id":887,
                 "name":"triplod",
                 "properties":
                    {
                     "monster":"triplod"
                    },
                 "propertytypes":
                    {
                     "monster":"string"
                    },
                 "rotation":0,
                 "type":"",
                 "visible":true,
                 "width":8,
                 "x":80,
                 "y":216
                }],
         "opacity":1,
         "type":"objectgroup",
         "visible":true,
         "x":0,
         "y":0
        }, 
        {
         "color":"#00ffff",
         "draworder":"topdown",
         "name":"wiring - locked door",
         "objects":[],
         "opacity":1,
         "type":"objectgroup",
         "visible":true,
         "x":0,
         "y":0
        }, 
        {
         "draworder":"topdown",
         "name":"outside the map",
         "objects":[],
         "opacity":1,
         "type":"objectgroup",
         "visible":true,
         "x":0,
         "y":0
        }, 
        {
         "draworder":"topdown",
         "name":"anchors etc",
         "objects":[
                {
                 "gid":248,
                 "height":8,
                 "id":785,
                 "name":"",
                 "rotation":0,
                 "type":"",
                 "visible":true,
                 "width":8,
                 "x":24,
                 "y":144
                }, 
                {
                 "gid":248,
                 "height":8,
                 "id":802,
                 "name":"",
                 "rotation":0,
                 "type":"",
                 "visible":true,
                 "width":8,
                 "x":304,
                 "y":144
                }],
         "opacity":1,
         "type":"objectgroup",
         "visible":true,
         "x":0,
         "y":0
        }, 
        {
         "draworder":"topdown",
         "name":"items",
         "objects":[],
         "opacity":1,
         "type":"objectgroup",
         "visible":true,
         "x":0,
         "y":0
        }],
 "nextobjectid":888,
 "orientation":"orthogonal",
 "renderorder":"right-down",
 "tiledversion":"1.1.6",
 "tileheight":8,
 "tilesets":[
        {
         "firstgid":1,
         "source":"..\/..\/..\/tilesets\/packed\/materials.json"
        }, 
        {
         "firstgid":198,
         "source":"..\/..\/..\/tilesets\/packed\/supports.json"
        }, 
        {
         "firstgid":235,
         "source":"..\/..\/..\/tilesets\/packed\/miscellaneous.json"
        }, 
        {
         "firstgid":259,
         "source":"..\/..\/..\/tilesets\/packed\/liquids.json"
        }, 
        {
         "firstgid":287,
         "source":"..\/..\/..\/tilesets\/packed\/objects-by-race\/ancient.json"
        }, 
        {
         "firstgid":450,
         "source":"..\/..\/..\/tilesets\/packed\/objects-by-race\/apex.json"
        }, 
        {
         "firstgid":821,
         "source":"..\/..\/..\/tilesets\/packed\/objects-by-race\/avian.json"
        }, 
        {
         "firstgid":1126,
         "source":"..\/..\/..\/tilesets\/packed\/objects-by-race\/floran.json"
        }, 
        {
         "firstgid":1321,
         "source":"..\/..\/..\/tilesets\/packed\/objects-by-race\/generic.json"
        }, 
        {
         "firstgid":3305,
         "source":"..\/..\/..\/tilesets\/packed\/objects-by-race\/glitch.json"
        }, 
        {
         "firstgid":3531,
         "source":"..\/..\/..\/tilesets\/packed\/objects-by-race\/human.json"
        }, 
        {
         "firstgid":3819,
         "source":"..\/..\/..\/tilesets\/packed\/objects-by-race\/hylotl.json"
        }, 
        {
         "firstgid":4051,
         "source":"..\/..\/..\/tilesets\/packed\/objects-by-race\/novakid.json"
        }, 
        {
         "firstgid":4115,
         "source":"..\/..\/..\/tilesets\/packed\/objects-by-category\/breakable.json"
        }, 
        {
         "firstgid":4425,
         "source":"..\/..\/..\/tilesets\/packed\/objects-by-category\/decorative.json"
        }, 
        {
         "firstgid":5866,
         "source":"..\/..\/..\/tilesets\/packed\/objects-by-category\/door.json"
        }, 
        {
         "firstgid":5998,
         "source":"..\/..\/..\/tilesets\/packed\/objects-by-category\/farmable.json"
        }, 
        {
         "firstgid":6073,
         "source":"..\/..\/..\/tilesets\/packed\/objects-by-category\/furniture.json"
        }, 
        {
         "firstgid":6427,
         "source":"..\/..\/..\/tilesets\/packed\/objects-by-category\/light.json"
        }, 
        {
         "firstgid":6885,
         "source":"..\/..\/..\/tilesets\/packed\/objects-by-category\/railpoint.json"
        }, 
        {
         "firstgid":6890,
         "source":"..\/..\/..\/tilesets\/packed\/objects-by-category\/teleporter.json"
        }, 
        {
         "firstgid":6932,
         "source":"..\/..\/..\/tilesets\/packed\/objects-by-category\/trap.json"
        }, 
        {
         "firstgid":7136,
         "source":"..\/..\/..\/tilesets\/packed\/objects-by-category\/wire.json"
        }, 
        {
         "firstgid":7358,
         "source":"..\/..\/..\/tilesets\/packed\/objects-by-type\/container.json"
        }, 
        {
         "firstgid":7643,
         "source":"..\/..\/..\/tilesets\/packed\/objects-by-type\/teleporter.json"
        }, 
        {
         "firstgid":7670,
         "source":"..\/..\/..\/tilesets\/packed\/objects-by-colonytag\/humanprison.json"
        }, 
        {
         "firstgid":7764,
         "source":"..\/..\/..\/tilesets\/packed\/objects-by-colonytag\/humanbunker.json"
        }, 
        {
         "firstgid":7836,
         "source":"..\/..\/..\/tilesets\/packed\/objects-by-colonytag\/wreck.json"
        }, 
        {
         "firstgid":7863,
         "source":"..\/..\/..\/tilesets\/packed\/objects-by-colonytag\/outpost.json"
        }],
 "tilewidth":8,
 "type":"map",
 "version":1,
 "width":42
}