{ "backgroundcolor":"#000000",
 "height":56,
 "infinite":false,
 "layers":[
        {
         "compression":"zlib",
         "data":"eJztmMENwyAMRbl1oC5YlugKWSHqMfNkiLYHJGRB\/CGATeLDkxJhotdiA\/LunNsNYxKeSuA830owT\/Oc2XPtzN3+T2k\/85Tx7F1HKFc535cfHwYaUzOHi0U8NwYaUzOHi72SJ7Iu9Lul6+4zz+i6o3kee0rU0QOA\/n4PziuhxT6fWvfR+zzi2tsTcTTP8Z6eeHqFnqtL13vLe73EutMxJEfMc7wnkuelnjV7w1nP\/9mbqqPcOR08wx6xkPFengj0nuYj6JikZ+puFRzpmKRnTO2ZYJ7zec6Sn1bv98zPEZ6t+1kpT619sKP8bNEHy\/Uswt0C7YPE9Y5+H\/FEe0Ulsb5wjpRn7v2MJ9oH69kzk6ij2KFhH+ylAc7TMDTxBTcHPA4=",
         "encoding":"base64",
         "height":56,
         "name":"back",
         "opacity":0.5,
         "type":"tilelayer",
         "visible":true,
         "width":42,
         "x":0,
         "y":0
        }, 
        {
         "compression":"zlib",
         "data":"eJztmNENhDAMQ\/t3azMFA3UHpmAJPhDSncgFp0nbINmS\/6j0KK1dWgpFvUdrR1fDs+Qkp4ezfnkGZ+3sKM69lKWXyUnOzJwXK+LZnKjJSU5ykvPSB\/AmGBln8ZOQDJbeP\/pchUg7P2rfytKLns4k5zhObW22rNMRnNJ+t+aOxjpiPmdzIuuTnHdp40dxIjnf0kWtnJ4+0vLC2n3bmQ2ivdkUkdMRnUBOcpLz5yxwc0bOzPOJ9oGnOyP+bSJ66UlRveg1OWX\/2+\/ZON8yn+Scz4hwRt9n9boHo6hMOgCRfUzn",
         "encoding":"base64",
         "height":56,
         "name":"front",
         "opacity":1,
         "type":"tilelayer",
         "visible":true,
         "width":42,
         "x":0,
         "y":0
        }, 
        {
         "color":"#5555ff",
         "draworder":"topdown",
         "name":"mods",
         "objects":[
                {
                 "height":64,
                 "id":790,
                 "name":"",
                 "properties":
                    {
                     "allowOverdrawing":"true",
                     "back":"concrete",
                     "front":"concrete"
                    },
                 "propertytypes":
                    {
                     "allowOverdrawing":"string",
                     "back":"string",
                     "front":"string"
                    },
                 "rotation":0,
                 "type":"",
                 "visible":true,
                 "width":8,
                 "x":304,
                 "y":280
                }, 
                {
                 "height":8,
                 "id":794,
                 "name":"",
                 "properties":
                    {
                     "allowOverdrawing":"true",
                     "back":"ridgebrick",
                     "front":"ridgebrick"
                    },
                 "propertytypes":
                    {
                     "allowOverdrawing":"string",
                     "back":"string",
                     "front":"string"
                    },
                 "rotation":0,
                 "type":"",
                 "visible":true,
                 "width":16,
                 "x":304,
                 "y":352
                }, 
                {
                 "height":8,
                 "id":799,
                 "name":"",
                 "properties":
                    {
                     "allowOverdrawing":"true",
                     "back":"ridgebrick",
                     "front":"ridgebrick"
                    },
                 "propertytypes":
                    {
                     "allowOverdrawing":"string",
                     "back":"string",
                     "front":"string"
                    },
                 "rotation":0,
                 "type":"",
                 "visible":true,
                 "width":16,
                 "x":16,
                 "y":352
                }, 
                {
                 "height":88,
                 "id":803,
                 "name":"",
                 "properties":
                    {
                     "allowOverdrawing":"true",
                     "front":"slopedrustypanel"
                    },
                 "propertytypes":
                    {
                     "allowOverdrawing":"string",
                     "front":"string"
                    },
                 "rotation":0,
                 "type":"",
                 "visible":true,
                 "width":8,
                 "x":312,
                 "y":32
                }, 
                {
                 "height":88,
                 "id":808,
                 "name":"",
                 "properties":
                    {
                     "allowOverdrawing":"true",
                     "front":"slopedrustypanel"
                    },
                 "propertytypes":
                    {
                     "allowOverdrawing":"string",
                     "front":"string"
                    },
                 "rotation":0,
                 "type":"",
                 "visible":true,
                 "width":8,
                 "x":16,
                 "y":32
                }, 
                {
                 "height":8,
                 "id":809,
                 "name":"",
                 "properties":
                    {
                     "allowOverdrawing":"true",
                     "back":"ridgebrick",
                     "front":"ridgebrick"
                    },
                 "propertytypes":
                    {
                     "allowOverdrawing":"string",
                     "back":"string",
                     "front":"string"
                    },
                 "rotation":0,
                 "type":"",
                 "visible":true,
                 "width":16,
                 "x":16,
                 "y":120
                }, 
                {
                 "height":8,
                 "id":814,
                 "name":"",
                 "properties":
                    {
                     "allowOverdrawing":"true",
                     "back":"ridgebrick",
                     "front":"ridgebrick"
                    },
                 "propertytypes":
                    {
                     "allowOverdrawing":"string",
                     "back":"string",
                     "front":"string"
                    },
                 "rotation":0,
                 "type":"",
                 "visible":true,
                 "width":16,
                 "x":304,
                 "y":120
                }, 
                {
                 "height":8,
                 "id":846,
                 "name":"",
                 "properties":
                    {
                     "allowOverdrawing":"true",
                     "back":"slopedrustypanel",
                     "front":"slopedrustypanel"
                    },
                 "propertytypes":
                    {
                     "allowOverdrawing":"string",
                     "back":"string",
                     "front":"string"
                    },
                 "rotation":0,
                 "type":"",
                 "visible":true,
                 "width":8,
                 "x":304,
                 "y":344
                }, 
                {
                 "height":8,
                 "id":847,
                 "name":"",
                 "properties":
                    {
                     "allowOverdrawing":"true",
                     "back":"slopedrustypanel",
                     "front":"slopedrustypanel"
                    },
                 "propertytypes":
                    {
                     "allowOverdrawing":"string",
                     "back":"string",
                     "front":"string"
                    },
                 "rotation":0,
                 "type":"",
                 "visible":true,
                 "width":8,
                 "x":24,
                 "y":344
                }, 
                {
                 "height":64,
                 "id":848,
                 "name":"",
                 "properties":
                    {
                     "allowOverdrawing":"true",
                     "back":"concrete",
                     "front":"concrete"
                    },
                 "propertytypes":
                    {
                     "allowOverdrawing":"string",
                     "back":"string",
                     "front":"string"
                    },
                 "rotation":0,
                 "type":"",
                 "visible":true,
                 "width":8,
                 "x":24,
                 "y":280
                }, 
                {
                 "height":88,
                 "id":851,
                 "name":"",
                 "properties":
                    {
                     "allowOverdrawing":"true",
                     "back":"slopedrustypanel",
                     "front":"slopedrustypanel"
                    },
                 "propertytypes":
                    {
                     "allowOverdrawing":"string",
                     "back":"string",
                     "front":"string"
                    },
                 "rotation":0,
                 "type":"",
                 "visible":true,
                 "width":8,
                 "x":16,
                 "y":264
                }, 
                {
                 "height":88,
                 "id":852,
                 "name":"",
                 "properties":
                    {
                     "allowOverdrawing":"true",
                     "back":"slopedrustypanel",
                     "front":"slopedrustypanel"
                    },
                 "propertytypes":
                    {
                     "allowOverdrawing":"string",
                     "back":"string",
                     "front":"string"
                    },
                 "rotation":0,
                 "type":"",
                 "visible":true,
                 "width":8,
                 "x":312,
                 "y":264
                }, 
                {
                 "height":40,
                 "id":856,
                 "name":"",
                 "properties":
                    {
                     "allowOverdrawing":"true",
                     "back":"concrete",
                     "front":"concrete"
                    },
                 "propertytypes":
                    {
                     "allowOverdrawing":"string",
                     "back":"string",
                     "front":"string"
                    },
                 "rotation":0,
                 "type":"",
                 "visible":true,
                 "width":8,
                 "x":24,
                 "y":32
                }, 
                {
                 "height":8,
                 "id":857,
                 "name":"",
                 "properties":
                    {
                     "allowOverdrawing":"true",
                     "back":"slopedrustypanel",
                     "front":"slopedrustypanel"
                    },
                 "propertytypes":
                    {
                     "allowOverdrawing":"string",
                     "back":"string",
                     "front":"string"
                    },
                 "rotation":0,
                 "type":"",
                 "visible":true,
                 "width":8,
                 "x":24,
                 "y":72
                }, 
                {
                 "height":40,
                 "id":858,
                 "name":"",
                 "properties":
                    {
                     "allowOverdrawing":"true",
                     "back":"slopedrustypanel",
                     "front":"castlewalls1"
                    },
                 "propertytypes":
                    {
                     "allowOverdrawing":"string",
                     "back":"string",
                     "front":"string"
                    },
                 "rotation":0,
                 "type":"",
                 "visible":true,
                 "width":8,
                 "x":24,
                 "y":80
                }, 
                {
                 "height":8,
                 "id":859,
                 "name":"",
                 "properties":
                    {
                     "allowOverdrawing":"true",
                     "back":"slopedrustypanel",
                     "front":"slopedrustypanel"
                    },
                 "propertytypes":
                    {
                     "allowOverdrawing":"string",
                     "back":"string",
                     "front":"string"
                    },
                 "rotation":0,
                 "type":"",
                 "visible":true,
                 "width":8,
                 "x":304,
                 "y":112
                }, 
                {
                 "height":80,
                 "id":860,
                 "name":"",
                 "properties":
                    {
                     "allowOverdrawing":"true",
                     "back":"concrete",
                     "front":"concrete"
                    },
                 "propertytypes":
                    {
                     "allowOverdrawing":"string",
                     "back":"string",
                     "front":"string"
                    },
                 "rotation":0,
                 "type":"",
                 "visible":true,
                 "width":8,
                 "x":304,
                 "y":32
                }, 
                {
                 "height":16,
                 "id":864,
                 "name":"",
                 "properties":
                    {
                     "allowOverdrawing":"true",
                     "back":"castlewalls1",
                     "front":"slopedrustypanel"
                    },
                 "propertytypes":
                    {
                     "allowOverdrawing":"string",
                     "back":"string",
                     "front":"string"
                    },
                 "rotation":0,
                 "type":"",
                 "visible":true,
                 "width":8,
                 "x":304,
                 "y":264
                }, 
                {
                 "height":16,
                 "id":866,
                 "name":"",
                 "properties":
                    {
                     "allowOverdrawing":"true",
                     "back":"castlewalls1",
                     "front":"slopedrustypanel"
                    },
                 "propertytypes":
                    {
                     "allowOverdrawing":"string",
                     "back":"string",
                     "front":"string"
                    },
                 "rotation":0,
                 "type":"",
                 "visible":true,
                 "width":8,
                 "x":24,
                 "y":264
                }],
         "opacity":1,
         "type":"objectgroup",
         "visible":true,
         "x":0,
         "y":0
        }, 
        {
         "color":"#ff0000",
         "draworder":"topdown",
         "name":"objects",
         "objects":[
                {
                 "gid":6637,
                 "height":8,
                 "id":844,
                 "name":"",
                 "rotation":0,
                 "type":"",
                 "visible":true,
                 "width":16,
                 "x":256,
                 "y":376
                }, 
                {
                 "gid":6637,
                 "height":8,
                 "id":863,
                 "name":"",
                 "rotation":0,
                 "type":"",
                 "visible":true,
                 "width":16,
                 "x":248,
                 "y":168
                }, 
                {
                 "gid":6554,
                 "height":8,
                 "id":870,
                 "name":"",
                 "rotation":0,
                 "type":"",
                 "visible":true,
                 "width":16,
                 "x":64,
                 "y":376
                }, 
                {
                 "gid":2147491321,
                 "height":16,
                 "id":871,
                 "name":"",
                 "properties":
                    {
                     "parameters":"{\"treasurePools\":[\"humanbunkertreasure\"]}"
                    },
                 "propertytypes":
                    {
                     "parameters":"string"
                    },
                 "rotation":0,
                 "type":"",
                 "visible":true,
                 "width":40,
                 "x":48,
                 "y":408
                }, 
                {
                 "gid":2147491376,
                 "height":24,
                 "id":872,
                 "name":"",
                 "properties":
                    {
                     "parameters":"{\"treasurePools\":[\"humanbunkertreasure\"]}"
                    },
                 "propertytypes":
                    {
                     "parameters":"string"
                    },
                 "rotation":0,
                 "type":"",
                 "visible":true,
                 "width":32,
                 "x":88,
                 "y":408
                }, 
                {
                 "gid":2147491488,
                 "height":8,
                 "id":873,
                 "name":"",
                 "rotation":0,
                 "type":"",
                 "visible":true,
                 "width":48,
                 "x":128,
                 "y":408
                }, 
                {
                 "gid":7905,
                 "height":24,
                 "id":874,
                 "name":"",
                 "rotation":0,
                 "type":"",
                 "visible":true,
                 "width":24,
                 "x":200,
                 "y":256
                }, 
                {
                 "gid":2147491464,
                 "height":32,
                 "id":875,
                 "name":"",
                 "rotation":0,
                 "type":"",
                 "visible":true,
                 "width":16,
                 "x":160,
                 "y":272
                }, 
                {
                 "gid":2147491504,
                 "height":32,
                 "id":878,
                 "name":"",
                 "properties":
                    {
                     "parameters":"{\"treasurePools\":[\"humanbunkertreasure\"]}"
                    },
                 "propertytypes":
                    {
                     "parameters":"string"
                    },
                 "rotation":0,
                 "type":"",
                 "visible":true,
                 "width":40,
                 "x":48,
                 "y":176
                }, 
                {
                 "gid":6612,
                 "height":16,
                 "id":879,
                 "name":"",
                 "rotation":0,
                 "type":"",
                 "visible":true,
                 "width":24,
                 "x":184,
                 "y":96
                }, 
                {
                 "gid":6612,
                 "height":16,
                 "id":880,
                 "name":"",
                 "rotation":0,
                 "type":"",
                 "visible":true,
                 "width":24,
                 "x":40,
                 "y":96
                }, 
                {
                 "gid":2147491565,
                 "height":24,
                 "id":881,
                 "name":"",
                 "rotation":0,
                 "type":"",
                 "visible":true,
                 "width":16,
                 "x":88,
                 "y":176
                }, 
                {
                 "gid":7904,
                 "height":16,
                 "id":882,
                 "name":"",
                 "rotation":0,
                 "type":"",
                 "visible":true,
                 "width":32,
                 "x":200,
                 "y":176
                }, 
                {
                 "gid":6213,
                 "height":20,
                 "id":883,
                 "name":"",
                 "rotation":0,
                 "type":"",
                 "visible":true,
                 "width":16,
                 "x":184,
                 "y":176
                }, 
                {
                 "gid":7971,
                 "height":8,
                 "id":884,
                 "name":"",
                 "rotation":0,
                 "type":"",
                 "visible":true,
                 "width":8,
                 "x":208,
                 "y":160
                }, 
                {
                 "gid":3821,
                 "height":16,
                 "id":885,
                 "name":"",
                 "rotation":0,
                 "type":"",
                 "visible":true,
                 "width":8,
                 "x":216,
                 "y":160
                }, 
                {
                 "gid":7980,
                 "height":32,
                 "id":886,
                 "name":"",
                 "properties":
                    {
                     "parameters":"{\"treasurePools\":[\"humanbunkertreasure\"]}"
                    },
                 "propertytypes":
                    {
                     "parameters":"string"
                    },
                 "rotation":0,
                 "type":"",
                 "visible":true,
                 "width":16,
                 "x":272,
                 "y":176
                }],
         "opacity":1,
         "type":"objectgroup",
         "visible":true,
         "x":0,
         "y":0
        }, 
        {
         "color":"#ffff00",
         "draworder":"topdown",
         "name":"wiring - lights & guns",
         "objects":[],
         "opacity":1,
         "type":"objectgroup",
         "visible":true,
         "x":0,
         "y":0
        }, 
        {
         "color":"#ff0000",
         "draworder":"topdown",
         "name":"monsters & npcs",
         "objects":[
                {
                 "height":8,
                 "id":887,
                 "name":"",
                 "properties":
                    {
                     "npc":"human",
                     "typeName":"corporatemarine"
                    },
                 "propertytypes":
                    {
                     "npc":"string",
                     "typeName":"string"
                    },
                 "rotation":0,
                 "type":"",
                 "visible":true,
                 "width":8,
                 "x":120,
                 "y":392
                }, 
                {
                 "height":8,
                 "id":888,
                 "name":"",
                 "properties":
                    {
                     "npc":"human",
                     "typeName":"corporatemarine"
                    },
                 "propertytypes":
                    {
                     "npc":"string",
                     "typeName":"string"
                    },
                 "rotation":0,
                 "type":"",
                 "visible":true,
                 "width":8,
                 "x":136,
                 "y":256
                }, 
                {
                 "height":8,
                 "id":890,
                 "name":"",
                 "properties":
                    {
                     "npc":"human",
                     "typeName":"corporatemarine"
                    },
                 "propertytypes":
                    {
                     "npc":"string",
                     "typeName":"string"
                    },
                 "rotation":0,
                 "type":"",
                 "visible":true,
                 "width":8,
                 "x":176,
                 "y":160
                }, 
                {
                 "height":8,
                 "id":891,
                 "name":"triplod",
                 "properties":
                    {
                     "monster":"triplod"
                    },
                 "propertytypes":
                    {
                     "monster":"string"
                    },
                 "rotation":0,
                 "type":"",
                 "visible":true,
                 "width":8,
                 "x":120,
                 "y":72
                }, 
                {
                 "height":8,
                 "id":892,
                 "name":"triplod",
                 "properties":
                    {
                     "monster":"triplod"
                    },
                 "propertytypes":
                    {
                     "monster":"string"
                    },
                 "rotation":0,
                 "type":"",
                 "visible":true,
                 "width":8,
                 "x":208,
                 "y":216
                }, 
                {
                 "height":8,
                 "id":893,
                 "name":"triplod",
                 "properties":
                    {
                     "monster":"triplod"
                    },
                 "propertytypes":
                    {
                     "monster":"string"
                    },
                 "rotation":0,
                 "type":"",
                 "visible":true,
                 "width":8,
                 "x":112,
                 "y":344
                }],
         "opacity":1,
         "type":"objectgroup",
         "visible":true,
         "x":0,
         "y":0
        }, 
        {
         "color":"#00ffff",
         "draworder":"topdown",
         "name":"wiring - locked door",
         "objects":[],
         "opacity":1,
         "type":"objectgroup",
         "visible":true,
         "x":0,
         "y":0
        }, 
        {
         "draworder":"topdown",
         "name":"outside the map",
         "objects":[],
         "opacity":1,
         "type":"objectgroup",
         "visible":true,
         "x":0,
         "y":0
        }, 
        {
         "draworder":"topdown",
         "name":"anchors etc",
         "objects":[
                {
                 "gid":248,
                 "height":8,
                 "id":785,
                 "name":"",
                 "rotation":0,
                 "type":"",
                 "visible":true,
                 "width":8,
                 "x":24,
                 "y":144
                }, 
                {
                 "gid":248,
                 "height":8,
                 "id":802,
                 "name":"",
                 "rotation":0,
                 "type":"",
                 "visible":true,
                 "width":8,
                 "x":304,
                 "y":144
                }],
         "opacity":1,
         "type":"objectgroup",
         "visible":true,
         "x":0,
         "y":0
        }, 
        {
         "draworder":"topdown",
         "name":"items",
         "objects":[],
         "opacity":1,
         "type":"objectgroup",
         "visible":true,
         "x":0,
         "y":0
        }],
 "nextobjectid":894,
 "orientation":"orthogonal",
 "renderorder":"right-down",
 "tiledversion":"1.1.6",
 "tileheight":8,
 "tilesets":[
        {
         "firstgid":1,
         "source":"..\/..\/..\/tilesets\/packed\/materials.json"
        }, 
        {
         "firstgid":198,
         "source":"..\/..\/..\/tilesets\/packed\/supports.json"
        }, 
        {
         "firstgid":235,
         "source":"..\/..\/..\/tilesets\/packed\/miscellaneous.json"
        }, 
        {
         "firstgid":259,
         "source":"..\/..\/..\/tilesets\/packed\/liquids.json"
        }, 
        {
         "firstgid":287,
         "source":"..\/..\/..\/tilesets\/packed\/objects-by-race\/ancient.json"
        }, 
        {
         "firstgid":450,
         "source":"..\/..\/..\/tilesets\/packed\/objects-by-race\/apex.json"
        }, 
        {
         "firstgid":821,
         "source":"..\/..\/..\/tilesets\/packed\/objects-by-race\/avian.json"
        }, 
        {
         "firstgid":1126,
         "source":"..\/..\/..\/tilesets\/packed\/objects-by-race\/floran.json"
        }, 
        {
         "firstgid":1321,
         "source":"..\/..\/..\/tilesets\/packed\/objects-by-race\/generic.json"
        }, 
        {
         "firstgid":3305,
         "source":"..\/..\/..\/tilesets\/packed\/objects-by-race\/glitch.json"
        }, 
        {
         "firstgid":3531,
         "source":"..\/..\/..\/tilesets\/packed\/objects-by-race\/human.json"
        }, 
        {
         "firstgid":3819,
         "source":"..\/..\/..\/tilesets\/packed\/objects-by-race\/hylotl.json"
        }, 
        {
         "firstgid":4051,
         "source":"..\/..\/..\/tilesets\/packed\/objects-by-race\/novakid.json"
        }, 
        {
         "firstgid":4115,
         "source":"..\/..\/..\/tilesets\/packed\/objects-by-category\/breakable.json"
        }, 
        {
         "firstgid":4425,
         "source":"..\/..\/..\/tilesets\/packed\/objects-by-category\/decorative.json"
        }, 
        {
         "firstgid":5866,
         "source":"..\/..\/..\/tilesets\/packed\/objects-by-category\/door.json"
        }, 
        {
         "firstgid":5998,
         "source":"..\/..\/..\/tilesets\/packed\/objects-by-category\/farmable.json"
        }, 
        {
         "firstgid":6073,
         "source":"..\/..\/..\/tilesets\/packed\/objects-by-category\/furniture.json"
        }, 
        {
         "firstgid":6427,
         "source":"..\/..\/..\/tilesets\/packed\/objects-by-category\/light.json"
        }, 
        {
         "firstgid":6885,
         "source":"..\/..\/..\/tilesets\/packed\/objects-by-category\/railpoint.json"
        }, 
        {
         "firstgid":6890,
         "source":"..\/..\/..\/tilesets\/packed\/objects-by-category\/teleporter.json"
        }, 
        {
         "firstgid":6932,
         "source":"..\/..\/..\/tilesets\/packed\/objects-by-category\/trap.json"
        }, 
        {
         "firstgid":7136,
         "source":"..\/..\/..\/tilesets\/packed\/objects-by-category\/wire.json"
        }, 
        {
         "firstgid":7358,
         "source":"..\/..\/..\/tilesets\/packed\/objects-by-type\/container.json"
        }, 
        {
         "firstgid":7643,
         "source":"..\/..\/..\/tilesets\/packed\/objects-by-type\/teleporter.json"
        }, 
        {
         "firstgid":7670,
         "source":"..\/..\/..\/tilesets\/packed\/objects-by-colonytag\/outpost.json"
        }, 
        {
         "firstgid":7774,
         "source":"..\/..\/..\/tilesets\/packed\/objects-by-colonytag\/humanprison.json"
        }, 
        {
         "firstgid":7868,
         "source":"..\/..\/..\/tilesets\/packed\/objects-by-colonytag\/humanbunker.json"
        }, 
        {
         "firstgid":7940,
         "source":"..\/..\/..\/tilesets\/packed\/objects-by-colonytag\/cooking.json"
        }, 
        {
         "firstgid":7976,
         "source":"..\/..\/..\/tilesets\/packed\/objects-by-colonytag\/wreck.json"
        }],
 "tilewidth":8,
 "type":"map",
 "version":1,
 "width":42
}