{ "backgroundcolor":"#000000",
 "height":33,
 "infinite":false,
 "layers":[
        {
         "compression":"zlib",
         "data":"eJztm0EOwiAURNl5oF7Qc7ms1+muiWvbxJ8ggRZa6J\/yZ\/FWIgzMi1gTJ+eeEyHgzM45n5pzHeHq\/V6x5l1A6OrM2jX8a3UGNefPHT8CODUm8rY8s9QaZ\/rUcKtXkL1Ehk7SS1RyvXwsr5MyULzUPoctzng5\/vZHytB20ncTmSNeop1xeNbaOZirTq4SLwfg\/aDyXs7t7fB+Y0LNJX4N9NJk\/6i5Yl7GxtHLPvtHzUUvbfePmivnHl+hl332j5qLXtruHzVXykvfTT739Ns\/ai56abt\/1Fz00nb\/qLnope3+UXPxd3Xb\/aPmOuvlALAH4ROgnUd4BWjn8XI5H+08wuoivWzPek7yuYR0x6DmSnkZG0sv++sfNRe9tN0\/ai56abt\/1Fy53y8FetlX\/6i5jno5\/79PfR9C+B8R7TzMdQzfy\/CZe++Z3HeT9IG2j8KWkzleyp1OinGIILgZu7tDcrwk\/YDi5V5OemmLO3gZjq+5\/1SmGnO0zN2Cks7o5bXulKylcVZX+9cqT2oebRdz96mdh5A9vl+WNSU=",
         "encoding":"base64",
         "height":33,
         "name":"back",
         "opacity":0.5,
         "type":"tilelayer",
         "visible":true,
         "width":166,
         "x":0,
         "y":0
        }, 
        {
         "compression":"zlib",
         "data":"eJztm0GugjAURTv7C2KDf10O3ZIbUAZNagOPPtpHj+Se5I5EuF7OQBJNSQg+ryojz3Um0cy45q9AuFc91x7hX9QGI8\/fevwzpX9HxRDWDmd3G31veu7nDLfuGrKX5NTM7nO3yMsxblr7rvlTXKF4OXsHa5+W7xmWk4o\/F+pnMnuHlni8JG6cUS8f9F61myW\/5CUV6l70Xh4vF3nphroXvdfHtU0nM\/KyD+pe9F7yMhbqXvRepZdbbsrLPqh70XvJy1ioe9F71V6Wbuq5px\/qXvRe8jIW6l70XvIyFupe9F7yMhbqXvRe1nOPvOyHuhe911kvF+BnovH4bFRmdp\/MowqF1UV5KWjsebmFvBRXIS8FEXkpiLR+v8zk157yUgRSemn9\/jJD97L+n8jsPhn18mF5efRMXr5PuUeudM\/CcvLIy9LNhZsECbXXVwhuHjnZ4qVyr1C8POpZMnszRV7WTibjuDPZY8Q5IntHxIO83Cdq89ZrzeBq\/6L67J2HCuHeC+HhDQJkCxo=",
         "encoding":"base64",
         "height":33,
         "name":"front",
         "opacity":1,
         "type":"tilelayer",
         "visible":true,
         "width":166,
         "x":0,
         "y":0
        }, 
        {
         "color":"#5555ff",
         "draworder":"topdown",
         "name":"mods",
         "objects":[
                {
                 "height":8,
                 "id":712,
                 "name":"",
                 "properties":
                    {
                     "allowOverdrawing":"true",
                     "back":"slopedrustypanel",
                     "front":"slopedrustypanel"
                    },
                 "propertytypes":
                    {
                     "allowOverdrawing":"string",
                     "back":"string",
                     "front":"string"
                    },
                 "rotation":0,
                 "type":"",
                 "visible":true,
                 "width":272,
                 "x":680,
                 "y":48
                }, 
                {
                 "height":8,
                 "id":713,
                 "name":"",
                 "properties":
                    {
                     "allowOverdrawing":"true",
                     "back":"darksmoothstone",
                     "front":"darksmoothstone"
                    },
                 "propertytypes":
                    {
                     "allowOverdrawing":"string",
                     "back":"string",
                     "front":"string"
                    },
                 "rotation":0,
                 "type":"",
                 "visible":true,
                 "width":256,
                 "x":688,
                 "y":40
                }, 
                {
                 "height":8,
                 "id":714,
                 "name":"",
                 "properties":
                    {
                     "allowOverdrawing":"true",
                     "back":"castlewalls1",
                     "front":"castlewalls1"
                    },
                 "propertytypes":
                    {
                     "allowOverdrawing":"string",
                     "back":"string",
                     "front":"string"
                    },
                 "rotation":0,
                 "type":"",
                 "visible":true,
                 "width":272,
                 "x":680,
                 "y":56
                }, 
                {
                 "height":96,
                 "id":735,
                 "name":"",
                 "properties":
                    {
                     "allowOverdrawing":"true",
                     "front":"castlewalls1"
                    },
                 "propertytypes":
                    {
                     "allowOverdrawing":"string",
                     "front":"string"
                    },
                 "rotation":0,
                 "type":"",
                 "visible":true,
                 "width":8,
                 "x":648,
                 "y":56
                }, 
                {
                 "height":8,
                 "id":759,
                 "name":"",
                 "properties":
                    {
                     "allowOverdrawing":"true",
                     "back":"darksmoothstone",
                     "front":"darksmoothstone"
                    },
                 "propertytypes":
                    {
                     "allowOverdrawing":"string",
                     "back":"string",
                     "front":"string"
                    },
                 "rotation":0,
                 "type":"",
                 "visible":true,
                 "width":272,
                 "x":680,
                 "y":200
                }, 
                {
                 "height":8,
                 "id":760,
                 "name":"",
                 "properties":
                    {
                     "allowOverdrawing":"true",
                     "back":"castlewalls1",
                     "front":"castlewalls1"
                    },
                 "propertytypes":
                    {
                     "allowOverdrawing":"string",
                     "back":"string",
                     "front":"string"
                    },
                 "rotation":0,
                 "type":"",
                 "visible":true,
                 "width":272,
                 "x":984,
                 "y":56
                }, 
                {
                 "height":8,
                 "id":761,
                 "name":"",
                 "properties":
                    {
                     "allowOverdrawing":"true",
                     "back":"castlewalls1",
                     "front":"castlewalls1"
                    },
                 "propertytypes":
                    {
                     "allowOverdrawing":"string",
                     "back":"string",
                     "front":"string"
                    },
                 "rotation":0,
                 "type":"",
                 "visible":true,
                 "width":272,
                 "x":72,
                 "y":56
                }, 
                {
                 "height":96,
                 "id":765,
                 "name":"",
                 "properties":
                    {
                     "allowOverdrawing":"true",
                     "front":"castlewalls1"
                    },
                 "propertytypes":
                    {
                     "allowOverdrawing":"string",
                     "front":"string"
                    },
                 "rotation":0,
                 "type":"",
                 "visible":true,
                 "width":8,
                 "x":64,
                 "y":56
                }, 
                {
                 "height":96,
                 "id":772,
                 "name":"",
                 "properties":
                    {
                     "allowOverdrawing":"true",
                     "front":"castlewalls1"
                    },
                 "propertytypes":
                    {
                     "allowOverdrawing":"string",
                     "front":"string"
                    },
                 "rotation":0,
                 "type":"",
                 "visible":true,
                 "width":8,
                 "x":976,
                 "y":56
                }, 
                {
                 "height":96,
                 "id":774,
                 "name":"",
                 "properties":
                    {
                     "allowOverdrawing":"true",
                     "front":"castlewalls1"
                    },
                 "propertytypes":
                    {
                     "allowOverdrawing":"string",
                     "front":"string"
                    },
                 "rotation":0,
                 "type":"",
                 "visible":true,
                 "width":8,
                 "x":952,
                 "y":56
                }, 
                {
                 "height":8,
                 "id":779,
                 "name":"",
                 "properties":
                    {
                     "allowOverdrawing":"true",
                     "back":"darksmoothstone",
                     "front":"darksmoothstone"
                    },
                 "propertytypes":
                    {
                     "allowOverdrawing":"string",
                     "back":"string",
                     "front":"string"
                    },
                 "rotation":0,
                 "type":"",
                 "visible":true,
                 "width":272,
                 "x":72,
                 "y":200
                }, 
                {
                 "height":8,
                 "id":780,
                 "name":"",
                 "properties":
                    {
                     "allowOverdrawing":"true",
                     "back":"castlewalls1",
                     "front":"castlewalls1"
                    },
                 "propertytypes":
                    {
                     "allowOverdrawing":"string",
                     "back":"string",
                     "front":"string"
                    },
                 "rotation":0,
                 "type":"",
                 "visible":true,
                 "width":272,
                 "x":376,
                 "y":56
                }, 
                {
                 "height":96,
                 "id":786,
                 "name":"",
                 "properties":
                    {
                     "allowOverdrawing":"true",
                     "front":"castlewalls1"
                    },
                 "propertytypes":
                    {
                     "allowOverdrawing":"string",
                     "front":"string"
                    },
                 "rotation":0,
                 "type":"",
                 "visible":true,
                 "width":8,
                 "x":672,
                 "y":56
                }, 
                {
                 "height":96,
                 "id":789,
                 "name":"",
                 "properties":
                    {
                     "allowOverdrawing":"true",
                     "front":"castlewalls1"
                    },
                 "propertytypes":
                    {
                     "allowOverdrawing":"string",
                     "front":"string"
                    },
                 "rotation":0,
                 "type":"",
                 "visible":true,
                 "width":8,
                 "x":1256,
                 "y":56
                }, 
                {
                 "height":8,
                 "id":792,
                 "name":"",
                 "properties":
                    {
                     "allowOverdrawing":"true",
                     "back":"darksmoothstone",
                     "front":"darksmoothstone"
                    },
                 "propertytypes":
                    {
                     "allowOverdrawing":"string",
                     "back":"string",
                     "front":"string"
                    },
                 "rotation":0,
                 "type":"",
                 "visible":true,
                 "width":272,
                 "x":376,
                 "y":200
                }, 
                {
                 "height":8,
                 "id":794,
                 "name":"",
                 "properties":
                    {
                     "allowOverdrawing":"true",
                     "back":"slopedrustypanel",
                     "front":"slopedrustypanel"
                    },
                 "propertytypes":
                    {
                     "allowOverdrawing":"string",
                     "back":"string",
                     "front":"string"
                    },
                 "rotation":0,
                 "type":"",
                 "visible":true,
                 "width":272,
                 "x":984,
                 "y":208
                }, 
                {
                 "height":8,
                 "id":795,
                 "name":"",
                 "properties":
                    {
                     "allowOverdrawing":"true",
                     "back":"darksmoothstone",
                     "front":"darksmoothstone"
                    },
                 "propertytypes":
                    {
                     "allowOverdrawing":"string",
                     "back":"string",
                     "front":"string"
                    },
                 "rotation":0,
                 "type":"",
                 "visible":true,
                 "width":272,
                 "x":984,
                 "y":200
                }, 
                {
                 "height":8,
                 "id":798,
                 "name":"",
                 "properties":
                    {
                     "allowOverdrawing":"true",
                     "back":"castlewalls1",
                     "front":"castlewalls1"
                    },
                 "propertytypes":
                    {
                     "allowOverdrawing":"string",
                     "back":"string",
                     "front":"string"
                    },
                 "rotation":0,
                 "type":"",
                 "visible":true,
                 "width":256,
                 "x":992,
                 "y":216
                }, 
                {
                 "height":136,
                 "id":801,
                 "name":"",
                 "properties":
                    {
                     "allowOverdrawing":"true",
                     "back":"slopedscrappanel"
                    },
                 "propertytypes":
                    {
                     "allowOverdrawing":"string",
                     "back":"string"
                    },
                 "rotation":0,
                 "type":"",
                 "visible":true,
                 "width":16,
                 "x":352,
                 "y":64
                }, 
                {
                 "height":144,
                 "id":802,
                 "name":"",
                 "properties":
                    {
                     "allowOverdrawing":"true",
                     "back":"slopedrustypanel"
                    },
                 "propertytypes":
                    {
                     "allowOverdrawing":"string",
                     "back":"string"
                    },
                 "rotation":0,
                 "type":"",
                 "visible":true,
                 "width":8,
                 "x":368,
                 "y":56
                }, 
                {
                 "height":144,
                 "id":803,
                 "name":"",
                 "properties":
                    {
                     "allowOverdrawing":"true",
                     "back":"slopedrustypanel"
                    },
                 "propertytypes":
                    {
                     "allowOverdrawing":"string",
                     "back":"string"
                    },
                 "rotation":0,
                 "type":"",
                 "visible":true,
                 "width":8,
                 "x":344,
                 "y":56
                }],
         "opacity":1,
         "type":"objectgroup",
         "visible":true,
         "x":0,
         "y":0
        }, 
        {
         "color":"#ff0000",
         "draworder":"topdown",
         "name":"objects",
         "objects":[
                {
                 "gid":5877,
                 "height":40,
                 "id":804,
                 "name":"",
                 "rotation":0,
                 "type":"",
                 "visible":true,
                 "width":48,
                 "x":944,
                 "y":200
                }, 
                {
                 "gid":5877,
                 "height":40,
                 "id":805,
                 "name":"",
                 "rotation":0,
                 "type":"",
                 "visible":true,
                 "width":48,
                 "x":640,
                 "y":200
                }],
         "opacity":1,
         "type":"objectgroup",
         "visible":true,
         "x":0,
         "y":0
        }, 
        {
         "color":"#ffff00",
         "draworder":"topdown",
         "name":"wiring - lights & guns",
         "objects":[],
         "opacity":1,
         "type":"objectgroup",
         "visible":true,
         "x":0,
         "y":0
        }, 
        {
         "color":"#ff0000",
         "draworder":"topdown",
         "name":"monsters & npcs",
         "objects":[],
         "opacity":1,
         "type":"objectgroup",
         "visible":true,
         "x":0,
         "y":0
        }, 
        {
         "color":"#00ffff",
         "draworder":"topdown",
         "name":"wiring - locked door",
         "objects":[],
         "opacity":1,
         "type":"objectgroup",
         "visible":true,
         "x":0,
         "y":0
        }, 
        {
         "draworder":"topdown",
         "name":"outside the map",
         "objects":[],
         "opacity":1,
         "type":"objectgroup",
         "visible":true,
         "x":0,
         "y":0
        }, 
        {
         "draworder":"topdown",
         "name":"anchors etc",
         "objects":[
                {
                 "gid":248,
                 "height":8,
                 "id":755,
                 "name":"",
                 "rotation":0,
                 "type":"",
                 "visible":true,
                 "width":8,
                 "x":984,
                 "y":168
                }, 
                {
                 "gid":248,
                 "height":8,
                 "id":756,
                 "name":"",
                 "rotation":0,
                 "type":"",
                 "visible":true,
                 "width":8,
                 "x":640,
                 "y":200
                }, 
                {
                 "gid":248,
                 "height":8,
                 "id":757,
                 "name":"",
                 "rotation":0,
                 "type":"",
                 "visible":true,
                 "width":8,
                 "x":72,
                 "y":200
                }, 
                {
                 "gid":248,
                 "height":8,
                 "id":770,
                 "name":"",
                 "rotation":0,
                 "type":"",
                 "visible":true,
                 "width":8,
                 "x":1248,
                 "y":168
                }, 
                {
                 "gid":247,
                 "height":8,
                 "id":793,
                 "name":"",
                 "rotation":0,
                 "type":"",
                 "visible":true,
                 "width":8,
                 "x":816,
                 "y":16
                }, 
                {
                 "gid":247,
                 "height":8,
                 "id":800,
                 "name":"",
                 "rotation":0,
                 "type":"",
                 "visible":true,
                 "width":8,
                 "x":1120,
                 "y":256
                }],
         "opacity":1,
         "type":"objectgroup",
         "visible":true,
         "x":0,
         "y":0
        }, 
        {
         "draworder":"topdown",
         "name":"items",
         "objects":[],
         "opacity":1,
         "type":"objectgroup",
         "visible":true,
         "x":0,
         "y":0
        }],
 "nextobjectid":806,
 "orientation":"orthogonal",
 "renderorder":"right-down",
 "tiledversion":"1.1.6",
 "tileheight":8,
 "tilesets":[
        {
         "firstgid":1,
         "source":"..\/..\/..\/tilesets\/packed\/materials.json"
        }, 
        {
         "firstgid":198,
         "source":"..\/..\/..\/tilesets\/packed\/supports.json"
        }, 
        {
         "firstgid":235,
         "source":"..\/..\/..\/tilesets\/packed\/miscellaneous.json"
        }, 
        {
         "firstgid":259,
         "source":"..\/..\/..\/tilesets\/packed\/liquids.json"
        }, 
        {
         "firstgid":287,
         "source":"..\/..\/..\/tilesets\/packed\/objects-by-race\/ancient.json"
        }, 
        {
         "firstgid":450,
         "source":"..\/..\/..\/tilesets\/packed\/objects-by-race\/apex.json"
        }, 
        {
         "firstgid":821,
         "source":"..\/..\/..\/tilesets\/packed\/objects-by-race\/avian.json"
        }, 
        {
         "firstgid":1126,
         "source":"..\/..\/..\/tilesets\/packed\/objects-by-race\/floran.json"
        }, 
        {
         "firstgid":1321,
         "source":"..\/..\/..\/tilesets\/packed\/objects-by-race\/generic.json"
        }, 
        {
         "firstgid":3305,
         "source":"..\/..\/..\/tilesets\/packed\/objects-by-race\/glitch.json"
        }, 
        {
         "firstgid":3531,
         "source":"..\/..\/..\/tilesets\/packed\/objects-by-race\/human.json"
        }, 
        {
         "firstgid":3819,
         "source":"..\/..\/..\/tilesets\/packed\/objects-by-race\/hylotl.json"
        }, 
        {
         "firstgid":4051,
         "source":"..\/..\/..\/tilesets\/packed\/objects-by-race\/novakid.json"
        }, 
        {
         "firstgid":4115,
         "source":"..\/..\/..\/tilesets\/packed\/objects-by-category\/breakable.json"
        }, 
        {
         "firstgid":4425,
         "source":"..\/..\/..\/tilesets\/packed\/objects-by-category\/decorative.json"
        }, 
        {
         "firstgid":5866,
         "source":"..\/..\/..\/tilesets\/packed\/objects-by-category\/door.json"
        }, 
        {
         "firstgid":5998,
         "source":"..\/..\/..\/tilesets\/packed\/objects-by-category\/farmable.json"
        }, 
        {
         "firstgid":6073,
         "source":"..\/..\/..\/tilesets\/packed\/objects-by-category\/furniture.json"
        }, 
        {
         "firstgid":6427,
         "source":"..\/..\/..\/tilesets\/packed\/objects-by-category\/light.json"
        }, 
        {
         "firstgid":6885,
         "source":"..\/..\/..\/tilesets\/packed\/objects-by-category\/railpoint.json"
        }, 
        {
         "firstgid":6890,
         "source":"..\/..\/..\/tilesets\/packed\/objects-by-category\/teleporter.json"
        }, 
        {
         "firstgid":6932,
         "source":"..\/..\/..\/tilesets\/packed\/objects-by-category\/trap.json"
        }, 
        {
         "firstgid":7136,
         "source":"..\/..\/..\/tilesets\/packed\/objects-by-category\/wire.json"
        }, 
        {
         "firstgid":7358,
         "source":"..\/..\/..\/tilesets\/packed\/objects-by-type\/container.json"
        }, 
        {
         "firstgid":7643,
         "source":"..\/..\/..\/tilesets\/packed\/objects-by-type\/teleporter.json"
        }],
 "tilewidth":8,
 "type":"map",
 "version":1,
 "width":166
}