{ "backgroundcolor":"#000000",
 "height":33,
 "infinite":false,
 "layers":[
        {
         "compression":"zlib",
         "data":"eJztmjsOwyAQROlyoFww50rpXMedLxBTIBFkfoawAzvFNJajvN23QGJ5N8bsDNMhR2WkeXvWnevDiP6Octjq\/Q731ec2APfb4Jr\/ucZ6fN\/IzOx\/dFZzT\/995yB2\/wM4KP6l+5BK6QzE1hdypN37M4CckhmIuZfubazX0hyzceVmwL\/+NOaFWs\/nZLOR5piFy3m0Tkv3APpfh4v+dXPF\/Mfc0\/9aXPSvm6vEf3gu0P86XFf+w3vof10u+tfNRf+6uUr8hzNA\/+tw8fe\/bq5W\/0+gmt4nix9pHnSu0OOd539I\/i2PW2dIexMqF\/3r5qJ\/3Vw1\/mc4\/1H7jMpF\/7q5Sv2H1w\/z+79Bug6X8N02aR50Lt\/\/leOUf38GpOtwGfW+3GpJuU\/5988CBPeWhalLzn3Ov9sHEPznOJl8Yv2l\/\/WT6i\/91\/EgeexVX0s\/Rqa1D9J1jp5LaV8Mbr45\/sw3",
         "encoding":"base64",
         "height":33,
         "name":"back",
         "opacity":0.5,
         "type":"tilelayer",
         "visible":true,
         "width":128,
         "x":0,
         "y":0
        }, 
        {
         "compression":"zlib",
         "data":"eJztml0KwjAQhPPmgbyg5+pjr+QFNA+FsORvk+5m2s4HA2IRZ\/PFVqwhEHIOX2XugpzFalaP9RzxpvU+0jv3ul07nAGxg+fMlp+xM97PM1f2750Wq\/vR\/9p9UFrfmBdoUPyvXofa+uT2Z46Se+SgsHodetLaAyX3aLCXjt49QP9zoPfSnAPeIXzQ50EDvVd0Sv92oPeS\/iXpMfrXg96L\/m1B71XzL68L9K8HvVfqX0L\/86D3on9b0HvRvy3ovWr+Q6D\/WdB78fu\/Lei9Rv3Hx05Vm2z\/LmlW9znYRFCQHkd+\/0PyT3TQ\/7Oh\/2ej8X+F6z\/RMeo\/vWdM\/9cl9V+7\/y+fR\/Uv\/9+GAmqvUf9yD6CwM8PpPfej7oHjXMT0p8d9yBzP7YPV5OZg9ClB\/\/dPDfrXgeTxrPlm1sOT2XVYPaf3viSkxA\/rB+km",
         "encoding":"base64",
         "height":33,
         "name":"front",
         "opacity":1,
         "type":"tilelayer",
         "visible":true,
         "width":128,
         "x":0,
         "y":0
        }, 
        {
         "color":"#5555ff",
         "draworder":"topdown",
         "name":"mods",
         "objects":[
                {
                 "height":8,
                 "id":709,
                 "name":"",
                 "properties":
                    {
                     "allowOverdrawing":"true",
                     "back":"slopedrustypanel",
                     "front":"slopedrustypanel"
                    },
                 "propertytypes":
                    {
                     "allowOverdrawing":"string",
                     "back":"string",
                     "front":"string"
                    },
                 "rotation":0,
                 "type":"",
                 "visible":true,
                 "width":272,
                 "x":72,
                 "y":208
                }, 
                {
                 "height":8,
                 "id":710,
                 "name":"",
                 "properties":
                    {
                     "allowOverdrawing":"true",
                     "back":"darksmoothstone",
                     "front":"darksmoothstone"
                    },
                 "propertytypes":
                    {
                     "allowOverdrawing":"string",
                     "back":"string",
                     "front":"string"
                    },
                 "rotation":0,
                 "type":"",
                 "visible":true,
                 "width":272,
                 "x":72,
                 "y":200
                }, 
                {
                 "height":8,
                 "id":711,
                 "name":"",
                 "properties":
                    {
                     "allowOverdrawing":"true",
                     "back":"castlewalls1",
                     "front":"castlewalls1"
                    },
                 "propertytypes":
                    {
                     "allowOverdrawing":"string",
                     "back":"string",
                     "front":"string"
                    },
                 "rotation":0,
                 "type":"",
                 "visible":true,
                 "width":256,
                 "x":80,
                 "y":216
                }, 
                {
                 "height":8,
                 "id":712,
                 "name":"",
                 "properties":
                    {
                     "allowOverdrawing":"true",
                     "back":"slopedrustypanel",
                     "front":"slopedrustypanel"
                    },
                 "propertytypes":
                    {
                     "allowOverdrawing":"string",
                     "back":"string",
                     "front":"string"
                    },
                 "rotation":0,
                 "type":"",
                 "visible":true,
                 "width":272,
                 "x":376,
                 "y":48
                }, 
                {
                 "height":8,
                 "id":713,
                 "name":"",
                 "properties":
                    {
                     "allowOverdrawing":"true",
                     "back":"darksmoothstone",
                     "front":"darksmoothstone"
                    },
                 "propertytypes":
                    {
                     "allowOverdrawing":"string",
                     "back":"string",
                     "front":"string"
                    },
                 "rotation":0,
                 "type":"",
                 "visible":true,
                 "width":256,
                 "x":384,
                 "y":40
                }, 
                {
                 "height":8,
                 "id":714,
                 "name":"",
                 "properties":
                    {
                     "allowOverdrawing":"true",
                     "back":"castlewalls1",
                     "front":"castlewalls1"
                    },
                 "propertytypes":
                    {
                     "allowOverdrawing":"string",
                     "back":"string",
                     "front":"string"
                    },
                 "rotation":0,
                 "type":"",
                 "visible":true,
                 "width":272,
                 "x":376,
                 "y":56
                }, 
                {
                 "height":96,
                 "id":735,
                 "name":"",
                 "properties":
                    {
                     "allowOverdrawing":"true",
                     "front":"castlewalls1"
                    },
                 "propertytypes":
                    {
                     "allowOverdrawing":"string",
                     "front":"string"
                    },
                 "rotation":0,
                 "type":"",
                 "visible":true,
                 "width":8,
                 "x":344,
                 "y":56
                }, 
                {
                 "height":8,
                 "id":760,
                 "name":"",
                 "properties":
                    {
                     "allowOverdrawing":"true",
                     "back":"castlewalls1",
                     "front":"castlewalls1"
                    },
                 "propertytypes":
                    {
                     "allowOverdrawing":"string",
                     "back":"string",
                     "front":"string"
                    },
                 "rotation":0,
                 "type":"",
                 "visible":true,
                 "width":272,
                 "x":72,
                 "y":56
                }, 
                {
                 "height":96,
                 "id":772,
                 "name":"",
                 "properties":
                    {
                     "allowOverdrawing":"true",
                     "front":"castlewalls1"
                    },
                 "propertytypes":
                    {
                     "allowOverdrawing":"string",
                     "front":"string"
                    },
                 "rotation":0,
                 "type":"",
                 "visible":true,
                 "width":8,
                 "x":64,
                 "y":56
                }, 
                {
                 "height":8,
                 "id":779,
                 "name":"",
                 "properties":
                    {
                     "allowOverdrawing":"true",
                     "back":"darksmoothstone",
                     "front":"darksmoothstone"
                    },
                 "propertytypes":
                    {
                     "allowOverdrawing":"string",
                     "back":"string",
                     "front":"string"
                    },
                 "rotation":0,
                 "type":"",
                 "visible":true,
                 "width":272,
                 "x":376,
                 "y":200
                }, 
                {
                 "height":96,
                 "id":784,
                 "name":"",
                 "properties":
                    {
                     "allowOverdrawing":"true",
                     "front":"castlewalls1"
                    },
                 "propertytypes":
                    {
                     "allowOverdrawing":"string",
                     "front":"string"
                    },
                 "rotation":0,
                 "type":"",
                 "visible":true,
                 "width":8,
                 "x":368,
                 "y":56
                }, 
                {
                 "height":96,
                 "id":789,
                 "name":"",
                 "properties":
                    {
                     "allowOverdrawing":"true",
                     "front":"castlewalls1"
                    },
                 "propertytypes":
                    {
                     "allowOverdrawing":"string",
                     "front":"string"
                    },
                 "rotation":0,
                 "type":"",
                 "visible":true,
                 "width":8,
                 "x":648,
                 "y":56
                }, 
                {
                 "height":8,
                 "id":795,
                 "name":"",
                 "properties":
                    {
                     "allowOverdrawing":"true",
                     "back":"castlewalls1",
                     "front":"castlewalls1"
                    },
                 "propertytypes":
                    {
                     "allowOverdrawing":"string",
                     "back":"string",
                     "front":"string"
                    },
                 "rotation":0,
                 "type":"",
                 "visible":true,
                 "width":272,
                 "x":680,
                 "y":56
                }, 
                {
                 "height":96,
                 "id":796,
                 "name":"",
                 "properties":
                    {
                     "allowOverdrawing":"true",
                     "front":"castlewalls1"
                    },
                 "propertytypes":
                    {
                     "allowOverdrawing":"string",
                     "front":"string"
                    },
                 "rotation":0,
                 "type":"",
                 "visible":true,
                 "width":8,
                 "x":952,
                 "y":56
                }, 
                {
                 "height":8,
                 "id":797,
                 "name":"",
                 "properties":
                    {
                     "allowOverdrawing":"true",
                     "back":"darksmoothstone",
                     "front":"darksmoothstone"
                    },
                 "propertytypes":
                    {
                     "allowOverdrawing":"string",
                     "back":"string",
                     "front":"string"
                    },
                 "rotation":0,
                 "type":"",
                 "visible":true,
                 "width":272,
                 "x":680,
                 "y":200
                }, 
                {
                 "height":96,
                 "id":798,
                 "name":"",
                 "properties":
                    {
                     "allowOverdrawing":"true",
                     "front":"castlewalls1"
                    },
                 "propertytypes":
                    {
                     "allowOverdrawing":"string",
                     "front":"string"
                    },
                 "rotation":0,
                 "type":"",
                 "visible":true,
                 "width":8,
                 "x":672,
                 "y":56
                }, 
                {
                 "gid":5877,
                 "height":40,
                 "id":800,
                 "name":"",
                 "rotation":0,
                 "type":"",
                 "visible":true,
                 "width":48,
                 "x":640,
                 "y":200
                }, 
                {
                 "gid":5877,
                 "height":40,
                 "id":801,
                 "name":"",
                 "rotation":0,
                 "type":"",
                 "visible":true,
                 "width":48,
                 "x":336,
                 "y":200
                }],
         "opacity":1,
         "type":"objectgroup",
         "visible":true,
         "x":0,
         "y":0
        }, 
        {
         "color":"#ff0000",
         "draworder":"topdown",
         "name":"objects",
         "objects":[],
         "opacity":1,
         "type":"objectgroup",
         "visible":true,
         "x":0,
         "y":0
        }, 
        {
         "color":"#ffff00",
         "draworder":"topdown",
         "name":"wiring - lights & guns",
         "objects":[],
         "opacity":1,
         "type":"objectgroup",
         "visible":true,
         "x":0,
         "y":0
        }, 
        {
         "color":"#ff0000",
         "draworder":"topdown",
         "name":"monsters & npcs",
         "objects":[],
         "opacity":1,
         "type":"objectgroup",
         "visible":true,
         "x":0,
         "y":0
        }, 
        {
         "color":"#00ffff",
         "draworder":"topdown",
         "name":"wiring - locked door",
         "objects":[],
         "opacity":1,
         "type":"objectgroup",
         "visible":true,
         "x":0,
         "y":0
        }, 
        {
         "draworder":"topdown",
         "name":"outside the map",
         "objects":[],
         "opacity":1,
         "type":"objectgroup",
         "visible":true,
         "x":0,
         "y":0
        }, 
        {
         "draworder":"topdown",
         "name":"anchors etc",
         "objects":[
                {
                 "gid":247,
                 "height":8,
                 "id":752,
                 "name":"",
                 "rotation":0,
                 "type":"",
                 "visible":true,
                 "width":8,
                 "x":208,
                 "y":256
                }, 
                {
                 "gid":247,
                 "height":8,
                 "id":753,
                 "name":"",
                 "rotation":0,
                 "type":"",
                 "visible":true,
                 "width":8,
                 "x":512,
                 "y":16
                }, 
                {
                 "gid":248,
                 "height":8,
                 "id":756,
                 "name":"",
                 "rotation":0,
                 "type":"",
                 "visible":true,
                 "width":8,
                 "x":680,
                 "y":200
                }, 
                {
                 "gid":248,
                 "height":8,
                 "id":770,
                 "name":"",
                 "rotation":0,
                 "type":"",
                 "visible":true,
                 "width":8,
                 "x":72,
                 "y":168
                }, 
                {
                 "gid":248,
                 "height":8,
                 "id":794,
                 "name":"",
                 "rotation":0,
                 "type":"",
                 "visible":true,
                 "width":8,
                 "x":336,
                 "y":168
                }, 
                {
                 "gid":248,
                 "height":8,
                 "id":799,
                 "name":"",
                 "rotation":0,
                 "type":"",
                 "visible":true,
                 "width":8,
                 "x":944,
                 "y":200
                }],
         "opacity":1,
         "type":"objectgroup",
         "visible":true,
         "x":0,
         "y":0
        }, 
        {
         "draworder":"topdown",
         "name":"items",
         "objects":[],
         "opacity":1,
         "type":"objectgroup",
         "visible":true,
         "x":0,
         "y":0
        }],
 "nextobjectid":802,
 "orientation":"orthogonal",
 "renderorder":"right-down",
 "tiledversion":"1.1.6",
 "tileheight":8,
 "tilesets":[
        {
         "firstgid":1,
         "source":"..\/..\/..\/tilesets\/packed\/materials.json"
        }, 
        {
         "firstgid":198,
         "source":"..\/..\/..\/tilesets\/packed\/supports.json"
        }, 
        {
         "firstgid":235,
         "source":"..\/..\/..\/tilesets\/packed\/miscellaneous.json"
        }, 
        {
         "firstgid":259,
         "source":"..\/..\/..\/tilesets\/packed\/liquids.json"
        }, 
        {
         "firstgid":287,
         "source":"..\/..\/..\/tilesets\/packed\/objects-by-race\/ancient.json"
        }, 
        {
         "firstgid":450,
         "source":"..\/..\/..\/tilesets\/packed\/objects-by-race\/apex.json"
        }, 
        {
         "firstgid":821,
         "source":"..\/..\/..\/tilesets\/packed\/objects-by-race\/avian.json"
        }, 
        {
         "firstgid":1126,
         "source":"..\/..\/..\/tilesets\/packed\/objects-by-race\/floran.json"
        }, 
        {
         "firstgid":1321,
         "source":"..\/..\/..\/tilesets\/packed\/objects-by-race\/generic.json"
        }, 
        {
         "firstgid":3305,
         "source":"..\/..\/..\/tilesets\/packed\/objects-by-race\/glitch.json"
        }, 
        {
         "firstgid":3531,
         "source":"..\/..\/..\/tilesets\/packed\/objects-by-race\/human.json"
        }, 
        {
         "firstgid":3819,
         "source":"..\/..\/..\/tilesets\/packed\/objects-by-race\/hylotl.json"
        }, 
        {
         "firstgid":4051,
         "source":"..\/..\/..\/tilesets\/packed\/objects-by-race\/novakid.json"
        }, 
        {
         "firstgid":4115,
         "source":"..\/..\/..\/tilesets\/packed\/objects-by-category\/breakable.json"
        }, 
        {
         "firstgid":4425,
         "source":"..\/..\/..\/tilesets\/packed\/objects-by-category\/decorative.json"
        }, 
        {
         "firstgid":5866,
         "source":"..\/..\/..\/tilesets\/packed\/objects-by-category\/door.json"
        }, 
        {
         "firstgid":5998,
         "source":"..\/..\/..\/tilesets\/packed\/objects-by-category\/farmable.json"
        }, 
        {
         "firstgid":6073,
         "source":"..\/..\/..\/tilesets\/packed\/objects-by-category\/furniture.json"
        }, 
        {
         "firstgid":6427,
         "source":"..\/..\/..\/tilesets\/packed\/objects-by-category\/light.json"
        }, 
        {
         "firstgid":6885,
         "source":"..\/..\/..\/tilesets\/packed\/objects-by-category\/railpoint.json"
        }, 
        {
         "firstgid":6890,
         "source":"..\/..\/..\/tilesets\/packed\/objects-by-category\/teleporter.json"
        }, 
        {
         "firstgid":6932,
         "source":"..\/..\/..\/tilesets\/packed\/objects-by-category\/trap.json"
        }, 
        {
         "firstgid":7136,
         "source":"..\/..\/..\/tilesets\/packed\/objects-by-category\/wire.json"
        }, 
        {
         "firstgid":7358,
         "source":"..\/..\/..\/tilesets\/packed\/objects-by-type\/container.json"
        }, 
        {
         "firstgid":7643,
         "source":"..\/..\/..\/tilesets\/packed\/objects-by-type\/teleporter.json"
        }],
 "tilewidth":8,
 "type":"map",
 "version":1,
 "width":128
}