{ "backgroundcolor":"#000000",
 "height":56,
 "infinite":false,
 "layers":[
        {
         "compression":"zlib",
         "data":"eJztmEEOhCAMRdl5IC9oLzFX8ApmlnMeDjFuSGoj+jEFqnbxE41FXlo+kMYQQnS5bqLRiM44P0bknM75Bs6lst6WT+d8Fmdtf2j5qPe5jp7v86ovKCRWxqBjEM4fKCRWxqBjnsTJa0CZ55IaSgaNutfwBOfU8tEQwqQpWQMC52i9z+\/VXWOfXzX15oxAPp3TNicJTmrEWXqf2PP70iifsnZHtexZd+fEORFvlMxda5\/PjeNnb5qb2Ny5c3rPR2NFTnn3Iib5DclXi3ymO1BilN96cnJd2bud856cd1mf7vd3rk9rnOidUnJa7YMdrc\/WfbBcL2QOW7+X9EXQ\/yOcaM+IxDsypmUf7GpvS5uzVm+rJFbLR\/y\/PXw0GNEZp8tlSX9LdkGO",
         "encoding":"base64",
         "height":56,
         "name":"back",
         "opacity":0.5,
         "type":"tilelayer",
         "visible":true,
         "width":42,
         "x":0,
         "y":0
        }, 
        {
         "compression":"zlib",
         "data":"eJztmN0NgCAMhHlzbadwIHZwCpcwvhmDpcAVC94l92bDl\/LT1hAoahxtSseCb2tMTnL24ow3f8FpaSTnYWhykjMl7Tm3ZNRwWq9PTnKSk5ylnAvYewjr05q4nNB9TypXiH7pEqLPzdUsqRfVipz9OFF9ijSHtHLW9Emp++6Rc5R8fnE+PXFK8b04Ne98r3nDcn6\/4nfBpTVVWquVs3YvS01Ocs7OmbrrHjk951P7xqNYc0LUIcRclROqLrb6T5xv990b5yj5JOd8nOj\/YLWmqJF0Al0rv0k=",
         "encoding":"base64",
         "height":56,
         "name":"front",
         "opacity":1,
         "type":"tilelayer",
         "visible":true,
         "width":42,
         "x":0,
         "y":0
        }, 
        {
         "color":"#5555ff",
         "draworder":"topdown",
         "name":"mods",
         "objects":[
                {
                 "height":64,
                 "id":790,
                 "name":"",
                 "properties":
                    {
                     "allowOverdrawing":"true",
                     "back":"concrete",
                     "front":"concrete"
                    },
                 "propertytypes":
                    {
                     "allowOverdrawing":"string",
                     "back":"string",
                     "front":"string"
                    },
                 "rotation":0,
                 "type":"",
                 "visible":true,
                 "width":8,
                 "x":24,
                 "y":280
                }, 
                {
                 "height":8,
                 "id":794,
                 "name":"",
                 "properties":
                    {
                     "allowOverdrawing":"true",
                     "back":"ridgebrick",
                     "front":"ridgebrick"
                    },
                 "propertytypes":
                    {
                     "allowOverdrawing":"string",
                     "back":"string",
                     "front":"string"
                    },
                 "rotation":0,
                 "type":"",
                 "visible":true,
                 "width":16,
                 "x":16,
                 "y":352
                }, 
                {
                 "height":8,
                 "id":799,
                 "name":"",
                 "properties":
                    {
                     "allowOverdrawing":"true",
                     "back":"ridgebrick",
                     "front":"ridgebrick"
                    },
                 "propertytypes":
                    {
                     "allowOverdrawing":"string",
                     "back":"string",
                     "front":"string"
                    },
                 "rotation":0,
                 "type":"",
                 "visible":true,
                 "width":16,
                 "x":304,
                 "y":352
                }, 
                {
                 "height":88,
                 "id":803,
                 "name":"",
                 "properties":
                    {
                     "allowOverdrawing":"true",
                     "front":"slopedrustypanel"
                    },
                 "propertytypes":
                    {
                     "allowOverdrawing":"string",
                     "front":"string"
                    },
                 "rotation":0,
                 "type":"",
                 "visible":true,
                 "width":8,
                 "x":16,
                 "y":32
                }, 
                {
                 "height":88,
                 "id":808,
                 "name":"",
                 "properties":
                    {
                     "allowOverdrawing":"true",
                     "front":"slopedrustypanel"
                    },
                 "propertytypes":
                    {
                     "allowOverdrawing":"string",
                     "front":"string"
                    },
                 "rotation":0,
                 "type":"",
                 "visible":true,
                 "width":8,
                 "x":312,
                 "y":32
                }, 
                {
                 "height":8,
                 "id":809,
                 "name":"",
                 "properties":
                    {
                     "allowOverdrawing":"true",
                     "back":"ridgebrick",
                     "front":"ridgebrick"
                    },
                 "propertytypes":
                    {
                     "allowOverdrawing":"string",
                     "back":"string",
                     "front":"string"
                    },
                 "rotation":0,
                 "type":"",
                 "visible":true,
                 "width":16,
                 "x":304,
                 "y":120
                }, 
                {
                 "height":8,
                 "id":814,
                 "name":"",
                 "properties":
                    {
                     "allowOverdrawing":"true",
                     "back":"ridgebrick",
                     "front":"ridgebrick"
                    },
                 "propertytypes":
                    {
                     "allowOverdrawing":"string",
                     "back":"string",
                     "front":"string"
                    },
                 "rotation":0,
                 "type":"",
                 "visible":true,
                 "width":16,
                 "x":16,
                 "y":120
                }, 
                {
                 "height":8,
                 "id":846,
                 "name":"",
                 "properties":
                    {
                     "allowOverdrawing":"true",
                     "back":"slopedrustypanel",
                     "front":"slopedrustypanel"
                    },
                 "propertytypes":
                    {
                     "allowOverdrawing":"string",
                     "back":"string",
                     "front":"string"
                    },
                 "rotation":0,
                 "type":"",
                 "visible":true,
                 "width":8,
                 "x":24,
                 "y":344
                }, 
                {
                 "height":8,
                 "id":847,
                 "name":"",
                 "properties":
                    {
                     "allowOverdrawing":"true",
                     "back":"slopedrustypanel",
                     "front":"slopedrustypanel"
                    },
                 "propertytypes":
                    {
                     "allowOverdrawing":"string",
                     "back":"string",
                     "front":"string"
                    },
                 "rotation":0,
                 "type":"",
                 "visible":true,
                 "width":8,
                 "x":304,
                 "y":344
                }, 
                {
                 "height":64,
                 "id":848,
                 "name":"",
                 "properties":
                    {
                     "allowOverdrawing":"true",
                     "back":"concrete",
                     "front":"concrete"
                    },
                 "propertytypes":
                    {
                     "allowOverdrawing":"string",
                     "back":"string",
                     "front":"string"
                    },
                 "rotation":0,
                 "type":"",
                 "visible":true,
                 "width":8,
                 "x":304,
                 "y":280
                }, 
                {
                 "height":88,
                 "id":851,
                 "name":"",
                 "properties":
                    {
                     "allowOverdrawing":"true",
                     "back":"slopedrustypanel",
                     "front":"slopedrustypanel"
                    },
                 "propertytypes":
                    {
                     "allowOverdrawing":"string",
                     "back":"string",
                     "front":"string"
                    },
                 "rotation":0,
                 "type":"",
                 "visible":true,
                 "width":8,
                 "x":312,
                 "y":264
                }, 
                {
                 "height":88,
                 "id":852,
                 "name":"",
                 "properties":
                    {
                     "allowOverdrawing":"true",
                     "back":"slopedrustypanel",
                     "front":"slopedrustypanel"
                    },
                 "propertytypes":
                    {
                     "allowOverdrawing":"string",
                     "back":"string",
                     "front":"string"
                    },
                 "rotation":0,
                 "type":"",
                 "visible":true,
                 "width":8,
                 "x":16,
                 "y":264
                }, 
                {
                 "height":40,
                 "id":856,
                 "name":"",
                 "properties":
                    {
                     "allowOverdrawing":"true",
                     "back":"concrete",
                     "front":"concrete"
                    },
                 "propertytypes":
                    {
                     "allowOverdrawing":"string",
                     "back":"string",
                     "front":"string"
                    },
                 "rotation":0,
                 "type":"",
                 "visible":true,
                 "width":8,
                 "x":304,
                 "y":32
                }, 
                {
                 "height":8,
                 "id":857,
                 "name":"",
                 "properties":
                    {
                     "allowOverdrawing":"true",
                     "back":"slopedrustypanel",
                     "front":"slopedrustypanel"
                    },
                 "propertytypes":
                    {
                     "allowOverdrawing":"string",
                     "back":"string",
                     "front":"string"
                    },
                 "rotation":0,
                 "type":"",
                 "visible":true,
                 "width":8,
                 "x":304,
                 "y":72
                }, 
                {
                 "height":40,
                 "id":858,
                 "name":"",
                 "properties":
                    {
                     "allowOverdrawing":"true",
                     "back":"slopedrustypanel",
                     "front":"castlewalls1"
                    },
                 "propertytypes":
                    {
                     "allowOverdrawing":"string",
                     "back":"string",
                     "front":"string"
                    },
                 "rotation":0,
                 "type":"",
                 "visible":true,
                 "width":8,
                 "x":304,
                 "y":80
                }, 
                {
                 "height":8,
                 "id":859,
                 "name":"",
                 "properties":
                    {
                     "allowOverdrawing":"true",
                     "back":"slopedrustypanel",
                     "front":"slopedrustypanel"
                    },
                 "propertytypes":
                    {
                     "allowOverdrawing":"string",
                     "back":"string",
                     "front":"string"
                    },
                 "rotation":0,
                 "type":"",
                 "visible":true,
                 "width":8,
                 "x":24,
                 "y":112
                }, 
                {
                 "height":80,
                 "id":860,
                 "name":"",
                 "properties":
                    {
                     "allowOverdrawing":"true",
                     "back":"concrete",
                     "front":"concrete"
                    },
                 "propertytypes":
                    {
                     "allowOverdrawing":"string",
                     "back":"string",
                     "front":"string"
                    },
                 "rotation":0,
                 "type":"",
                 "visible":true,
                 "width":8,
                 "x":24,
                 "y":32
                }, 
                {
                 "height":16,
                 "id":864,
                 "name":"",
                 "properties":
                    {
                     "allowOverdrawing":"true",
                     "back":"castlewalls1",
                     "front":"slopedrustypanel"
                    },
                 "propertytypes":
                    {
                     "allowOverdrawing":"string",
                     "back":"string",
                     "front":"string"
                    },
                 "rotation":0,
                 "type":"",
                 "visible":true,
                 "width":8,
                 "x":24,
                 "y":264
                }, 
                {
                 "height":16,
                 "id":866,
                 "name":"",
                 "properties":
                    {
                     "allowOverdrawing":"true",
                     "back":"castlewalls1",
                     "front":"slopedrustypanel"
                    },
                 "propertytypes":
                    {
                     "allowOverdrawing":"string",
                     "back":"string",
                     "front":"string"
                    },
                 "rotation":0,
                 "type":"",
                 "visible":true,
                 "width":8,
                 "x":304,
                 "y":264
                }],
         "opacity":1,
         "type":"objectgroup",
         "visible":true,
         "x":0,
         "y":0
        }, 
        {
         "color":"#ff0000",
         "draworder":"topdown",
         "name":"objects",
         "objects":[
                {
                 "gid":6612,
                 "height":16,
                 "id":861,
                 "name":"",
                 "rotation":0,
                 "type":"",
                 "visible":true,
                 "width":24,
                 "x":128,
                 "y":96
                }, 
                {
                 "gid":6612,
                 "height":16,
                 "id":862,
                 "name":"",
                 "rotation":0,
                 "type":"",
                 "visible":true,
                 "width":24,
                 "x":272,
                 "y":96
                }, 
                {
                 "gid":6637,
                 "height":8,
                 "id":863,
                 "name":"",
                 "rotation":0,
                 "type":"",
                 "visible":true,
                 "width":16,
                 "x":72,
                 "y":168
                }, 
                {
                 "gid":7707,
                 "height":24,
                 "id":870,
                 "name":"",
                 "rotation":0,
                 "type":"",
                 "visible":true,
                 "width":24,
                 "x":112,
                 "y":256
                }, 
                {
                 "gid":2147489861,
                 "height":20,
                 "id":871,
                 "name":"",
                 "rotation":0,
                 "type":"",
                 "visible":true,
                 "width":16,
                 "x":136,
                 "y":176
                }, 
                {
                 "gid":7773,
                 "height":8,
                 "id":872,
                 "name":"",
                 "rotation":0,
                 "type":"",
                 "visible":true,
                 "width":8,
                 "x":120,
                 "y":160
                }, 
                {
                 "gid":2147491354,
                 "height":16,
                 "id":873,
                 "name":"",
                 "rotation":0,
                 "type":"",
                 "visible":true,
                 "width":32,
                 "x":104,
                 "y":176
                }, 
                {
                 "gid":2147487469,
                 "height":16,
                 "id":874,
                 "name":"",
                 "rotation":0,
                 "type":"",
                 "visible":true,
                 "width":8,
                 "x":112,
                 "y":160
                }, 
                {
                 "gid":2147491430,
                 "height":32,
                 "id":875,
                 "name":"",
                 "properties":
                    {
                     "parameters":"{\"treasurePools\":[\"humanbunkertreasure\"]}"
                    },
                 "propertytypes":
                    {
                     "parameters":"string"
                    },
                 "rotation":0,
                 "type":"",
                 "visible":true,
                 "width":16,
                 "x":48,
                 "y":176
                }, 
                {
                 "gid":7719,
                 "height":24,
                 "id":877,
                 "name":"",
                 "rotation":0,
                 "type":"",
                 "visible":true,
                 "width":16,
                 "x":232,
                 "y":176
                }, 
                {
                 "gid":7887,
                 "height":32,
                 "id":878,
                 "name":"",
                 "properties":
                    {
                     "parameters":"{\"treasurePools\":[\"humanbunkertreasure\"]}"
                    },
                 "propertytypes":
                    {
                     "parameters":"string"
                    },
                 "rotation":0,
                 "type":"",
                 "visible":true,
                 "width":40,
                 "x":248,
                 "y":176
                }, 
                {
                 "gid":7847,
                 "height":32,
                 "id":879,
                 "name":"",
                 "rotation":0,
                 "type":"",
                 "visible":true,
                 "width":16,
                 "x":160,
                 "y":272
                }, 
                {
                 "gid":6637,
                 "height":8,
                 "id":881,
                 "name":"",
                 "rotation":0,
                 "type":"",
                 "visible":true,
                 "width":16,
                 "x":64,
                 "y":376
                }, 
                {
                 "gid":6554,
                 "height":8,
                 "id":882,
                 "name":"",
                 "rotation":0,
                 "type":"",
                 "visible":true,
                 "width":16,
                 "x":256,
                 "y":376
                }, 
                {
                 "gid":7871,
                 "height":8,
                 "id":883,
                 "name":"",
                 "rotation":0,
                 "type":"",
                 "visible":true,
                 "width":48,
                 "x":168,
                 "y":408
                }, 
                {
                 "gid":7902,
                 "height":16,
                 "id":884,
                 "name":"",
                 "properties":
                    {
                     "parameters":"{\"treasurePools\":[\"humanbunkertreasure\"]}"
                    },
                 "propertytypes":
                    {
                     "parameters":"string"
                    },
                 "rotation":0,
                 "type":"",
                 "visible":true,
                 "width":40,
                 "x":248,
                 "y":408
                }, 
                {
                 "gid":7957,
                 "height":24,
                 "id":885,
                 "name":"",
                 "properties":
                    {
                     "parameters":"{\"treasurePools\":[\"humanbunkertreasure\"]}"
                    },
                 "propertytypes":
                    {
                     "parameters":"string"
                    },
                 "rotation":0,
                 "type":"",
                 "visible":true,
                 "width":32,
                 "x":216,
                 "y":408
                }],
         "opacity":1,
         "type":"objectgroup",
         "visible":true,
         "x":0,
         "y":0
        }, 
        {
         "color":"#ffff00",
         "draworder":"topdown",
         "name":"wiring - lights & guns",
         "objects":[],
         "opacity":1,
         "type":"objectgroup",
         "visible":true,
         "x":0,
         "y":0
        }, 
        {
         "color":"#ff0000",
         "draworder":"topdown",
         "name":"monsters & npcs",
         "objects":[
                {
                 "height":8,
                 "id":887,
                 "name":"",
                 "properties":
                    {
                     "npc":"human",
                     "typeName":"corporatemarine"
                    },
                 "propertytypes":
                    {
                     "npc":"string",
                     "typeName":"string"
                    },
                 "rotation":0,
                 "type":"",
                 "visible":true,
                 "width":8,
                 "x":208,
                 "y":392
                }, 
                {
                 "height":8,
                 "id":888,
                 "name":"",
                 "properties":
                    {
                     "npc":"human",
                     "typeName":"corporatemarine"
                    },
                 "propertytypes":
                    {
                     "npc":"string",
                     "typeName":"string"
                    },
                 "rotation":0,
                 "type":"",
                 "visible":true,
                 "width":8,
                 "x":192,
                 "y":256
                }, 
                {
                 "height":8,
                 "id":889,
                 "name":"",
                 "properties":
                    {
                     "npc":"human",
                     "typeName":"corporatemarine"
                    },
                 "propertytypes":
                    {
                     "npc":"string",
                     "typeName":"string"
                    },
                 "rotation":0,
                 "type":"",
                 "visible":true,
                 "width":8,
                 "x":152,
                 "y":160
                }, 
                {
                 "height":8,
                 "id":890,
                 "name":"triplod",
                 "properties":
                    {
                     "monster":"triplod"
                    },
                 "propertytypes":
                    {
                     "monster":"string"
                    },
                 "rotation":0,
                 "type":"",
                 "visible":true,
                 "width":8,
                 "x":208,
                 "y":72
                }, 
                {
                 "height":8,
                 "id":891,
                 "name":"triplod",
                 "properties":
                    {
                     "monster":"triplod"
                    },
                 "propertytypes":
                    {
                     "monster":"string"
                    },
                 "rotation":0,
                 "type":"",
                 "visible":true,
                 "width":8,
                 "x":120,
                 "y":216
                }, 
                {
                 "height":8,
                 "id":892,
                 "name":"triplod",
                 "properties":
                    {
                     "monster":"triplod"
                    },
                 "propertytypes":
                    {
                     "monster":"string"
                    },
                 "rotation":0,
                 "type":"",
                 "visible":true,
                 "width":8,
                 "x":216,
                 "y":344
                }],
         "opacity":1,
         "type":"objectgroup",
         "visible":true,
         "x":0,
         "y":0
        }, 
        {
         "color":"#00ffff",
         "draworder":"topdown",
         "name":"wiring - locked door",
         "objects":[],
         "opacity":1,
         "type":"objectgroup",
         "visible":true,
         "x":0,
         "y":0
        }, 
        {
         "draworder":"topdown",
         "name":"outside the map",
         "objects":[],
         "opacity":1,
         "type":"objectgroup",
         "visible":true,
         "x":0,
         "y":0
        }, 
        {
         "draworder":"topdown",
         "name":"anchors etc",
         "objects":[
                {
                 "gid":248,
                 "height":8,
                 "id":785,
                 "name":"",
                 "rotation":0,
                 "type":"",
                 "visible":true,
                 "width":8,
                 "x":24,
                 "y":144
                }, 
                {
                 "gid":248,
                 "height":8,
                 "id":802,
                 "name":"",
                 "rotation":0,
                 "type":"",
                 "visible":true,
                 "width":8,
                 "x":304,
                 "y":144
                }],
         "opacity":1,
         "type":"objectgroup",
         "visible":true,
         "x":0,
         "y":0
        }, 
        {
         "draworder":"topdown",
         "name":"items",
         "objects":[],
         "opacity":1,
         "type":"objectgroup",
         "visible":true,
         "x":0,
         "y":0
        }],
 "nextobjectid":893,
 "orientation":"orthogonal",
 "renderorder":"right-down",
 "tiledversion":"1.1.6",
 "tileheight":8,
 "tilesets":[
        {
         "firstgid":1,
         "source":"..\/..\/..\/tilesets\/packed\/materials.json"
        }, 
        {
         "firstgid":198,
         "source":"..\/..\/..\/tilesets\/packed\/supports.json"
        }, 
        {
         "firstgid":235,
         "source":"..\/..\/..\/tilesets\/packed\/miscellaneous.json"
        }, 
        {
         "firstgid":259,
         "source":"..\/..\/..\/tilesets\/packed\/liquids.json"
        }, 
        {
         "firstgid":287,
         "source":"..\/..\/..\/tilesets\/packed\/objects-by-race\/ancient.json"
        }, 
        {
         "firstgid":450,
         "source":"..\/..\/..\/tilesets\/packed\/objects-by-race\/apex.json"
        }, 
        {
         "firstgid":821,
         "source":"..\/..\/..\/tilesets\/packed\/objects-by-race\/avian.json"
        }, 
        {
         "firstgid":1126,
         "source":"..\/..\/..\/tilesets\/packed\/objects-by-race\/floran.json"
        }, 
        {
         "firstgid":1321,
         "source":"..\/..\/..\/tilesets\/packed\/objects-by-race\/generic.json"
        }, 
        {
         "firstgid":3305,
         "source":"..\/..\/..\/tilesets\/packed\/objects-by-race\/glitch.json"
        }, 
        {
         "firstgid":3531,
         "source":"..\/..\/..\/tilesets\/packed\/objects-by-race\/human.json"
        }, 
        {
         "firstgid":3819,
         "source":"..\/..\/..\/tilesets\/packed\/objects-by-race\/hylotl.json"
        }, 
        {
         "firstgid":4051,
         "source":"..\/..\/..\/tilesets\/packed\/objects-by-race\/novakid.json"
        }, 
        {
         "firstgid":4115,
         "source":"..\/..\/..\/tilesets\/packed\/objects-by-category\/breakable.json"
        }, 
        {
         "firstgid":4425,
         "source":"..\/..\/..\/tilesets\/packed\/objects-by-category\/decorative.json"
        }, 
        {
         "firstgid":5866,
         "source":"..\/..\/..\/tilesets\/packed\/objects-by-category\/door.json"
        }, 
        {
         "firstgid":5998,
         "source":"..\/..\/..\/tilesets\/packed\/objects-by-category\/farmable.json"
        }, 
        {
         "firstgid":6073,
         "source":"..\/..\/..\/tilesets\/packed\/objects-by-category\/furniture.json"
        }, 
        {
         "firstgid":6427,
         "source":"..\/..\/..\/tilesets\/packed\/objects-by-category\/light.json"
        }, 
        {
         "firstgid":6885,
         "source":"..\/..\/..\/tilesets\/packed\/objects-by-category\/railpoint.json"
        }, 
        {
         "firstgid":6890,
         "source":"..\/..\/..\/tilesets\/packed\/objects-by-category\/teleporter.json"
        }, 
        {
         "firstgid":6932,
         "source":"..\/..\/..\/tilesets\/packed\/objects-by-category\/trap.json"
        }, 
        {
         "firstgid":7136,
         "source":"..\/..\/..\/tilesets\/packed\/objects-by-category\/wire.json"
        }, 
        {
         "firstgid":7358,
         "source":"..\/..\/..\/tilesets\/packed\/objects-by-type\/container.json"
        }, 
        {
         "firstgid":7643,
         "source":"..\/..\/..\/tilesets\/packed\/objects-by-type\/teleporter.json"
        }, 
        {
         "firstgid":7670,
         "source":"..\/..\/..\/tilesets\/packed\/objects-by-colonytag\/humanbunker.json"
        }, 
        {
         "firstgid":7742,
         "source":"..\/..\/..\/tilesets\/packed\/objects-by-colonytag\/cooking.json"
        }, 
        {
         "firstgid":7778,
         "source":"..\/..\/..\/tilesets\/packed\/objects-by-colonytag\/wreck.json"
        }, 
        {
         "firstgid":7805,
         "source":"..\/..\/..\/tilesets\/packed\/objects-by-colonytag\/humanprison.json"
        }, 
        {
         "firstgid":7899,
         "source":"..\/..\/..\/tilesets\/packed\/objects-by-colonytag\/outpost.json"
        }],
 "tilewidth":8,
 "type":"map",
 "version":1,
 "width":42
}