{ "backgroundcolor":"#000000",
 "height":33,
 "infinite":false,
 "layers":[
        {
         "compression":"zlib",
         "data":"eJztmjEOwyAQBN35Qfw+pfMdd\/5AFClICGE4cOAWbottLBSGm7WVRD63bTsZZsJcmYze827NqPP23OsAcH0Izi9Jywwks+\/NMGKvu\/1W8i+dVe+9Ru9L\/0ypB6n1O5D\/nalOTQdS9z2C+7ADTH0kHUB3H3dAm2M2rlIHwusO+DzvX7Q5ZuHyHl3Gf3yd\/tfhon\/bXHf+wzX0vy4X\/dvmon\/bXCn\/8Rr6X5eL\/m1zSfzHHaD\/dbjo3zaX5Ptf3AH6X4frqX8HcAafVxRtHnSu2GPL\/\/9I\/r88\/j5DejahctG\/bS76t80l9Z\/7\/U\/\/83LRv22uVv8XqP\/43TZtHnSu0H\/Kcc5\/2AHUaM\/XR3sOpeTclzrggIPQAf+MRI3Efc4\/clD8a8+hJrmzaLPRv577Gv8oHbLqv4e33Ge1zKWV5Qn7LPn3fdvDH2MjHzPQaPg=",
         "encoding":"base64",
         "height":33,
         "name":"back",
         "opacity":0.5,
         "type":"tilelayer",
         "visible":true,
         "width":128,
         "x":0,
         "y":0
        }, 
        {
         "compression":"zlib",
         "data":"eJztmkkOwyAQBOeWB\/n3OfpL+UDEAQkhezwMW2O6pL5kYToUkZxFhJA1+SmZMbN3j1mzzsZrewgdSve+do\/S57SYXdNhxKy7eW\/yb92r3rNGz7Wys\/8donHlPWY2ocOHKUp0Zz0DqO4jJ+PO0xlAdx9hrzKsZ4D+60DvpfnPbz8E\/\/Wggd4rOKX\/fqD3yv2n0H896L3ovy\/ovei\/L+i9Uv859F8Pei\/67wt6L82\/CP3Xgt6L\/vuC3ku7\/ovQvx\/0Xl7\/x4COVr5ZUEDtlXu0fv+P6p+UQf97Q\/97Y\/Wvff6n\/3Xx+j+F\/t9A6r\/k939U\/\/n\/21BA7eX1n58B1KAwex8s0a795OL+9AwcoEE4A+j7Y3EvF49ZISj+Z+9DSTRmd6P\/ee6l0Tq7+k8Z7bGV\/7u1PHi71HRfhdbv26e1CbnjD6ujops=",
         "encoding":"base64",
         "height":33,
         "name":"front",
         "opacity":1,
         "type":"tilelayer",
         "visible":true,
         "width":128,
         "x":0,
         "y":0
        }, 
        {
         "color":"#5555ff",
         "draworder":"topdown",
         "name":"mods",
         "objects":[
                {
                 "height":8,
                 "id":709,
                 "name":"",
                 "properties":
                    {
                     "allowOverdrawing":"true",
                     "back":"slopedrustypanel",
                     "front":"slopedrustypanel"
                    },
                 "propertytypes":
                    {
                     "allowOverdrawing":"string",
                     "back":"string",
                     "front":"string"
                    },
                 "rotation":0,
                 "type":"",
                 "visible":true,
                 "width":272,
                 "x":376,
                 "y":208
                }, 
                {
                 "height":8,
                 "id":710,
                 "name":"",
                 "properties":
                    {
                     "allowOverdrawing":"true",
                     "back":"darksmoothstone",
                     "front":"darksmoothstone"
                    },
                 "propertytypes":
                    {
                     "allowOverdrawing":"string",
                     "back":"string",
                     "front":"string"
                    },
                 "rotation":0,
                 "type":"",
                 "visible":true,
                 "width":272,
                 "x":376,
                 "y":200
                }, 
                {
                 "height":8,
                 "id":711,
                 "name":"",
                 "properties":
                    {
                     "allowOverdrawing":"true",
                     "back":"castlewalls1",
                     "front":"castlewalls1"
                    },
                 "propertytypes":
                    {
                     "allowOverdrawing":"string",
                     "back":"string",
                     "front":"string"
                    },
                 "rotation":0,
                 "type":"",
                 "visible":true,
                 "width":256,
                 "x":384,
                 "y":216
                }, 
                {
                 "height":8,
                 "id":712,
                 "name":"",
                 "properties":
                    {
                     "allowOverdrawing":"true",
                     "back":"slopedrustypanel",
                     "front":"slopedrustypanel"
                    },
                 "propertytypes":
                    {
                     "allowOverdrawing":"string",
                     "back":"string",
                     "front":"string"
                    },
                 "rotation":0,
                 "type":"",
                 "visible":true,
                 "width":272,
                 "x":72,
                 "y":48
                }, 
                {
                 "height":8,
                 "id":713,
                 "name":"",
                 "properties":
                    {
                     "allowOverdrawing":"true",
                     "back":"darksmoothstone",
                     "front":"darksmoothstone"
                    },
                 "propertytypes":
                    {
                     "allowOverdrawing":"string",
                     "back":"string",
                     "front":"string"
                    },
                 "rotation":0,
                 "type":"",
                 "visible":true,
                 "width":256,
                 "x":80,
                 "y":40
                }, 
                {
                 "height":8,
                 "id":714,
                 "name":"",
                 "properties":
                    {
                     "allowOverdrawing":"true",
                     "back":"castlewalls1",
                     "front":"castlewalls1"
                    },
                 "propertytypes":
                    {
                     "allowOverdrawing":"string",
                     "back":"string",
                     "front":"string"
                    },
                 "rotation":0,
                 "type":"",
                 "visible":true,
                 "width":272,
                 "x":72,
                 "y":56
                }, 
                {
                 "height":96,
                 "id":735,
                 "name":"",
                 "properties":
                    {
                     "allowOverdrawing":"true",
                     "front":"castlewalls1"
                    },
                 "propertytypes":
                    {
                     "allowOverdrawing":"string",
                     "front":"string"
                    },
                 "rotation":0,
                 "type":"",
                 "visible":true,
                 "width":8,
                 "x":952,
                 "y":56
                }, 
                {
                 "height":8,
                 "id":759,
                 "name":"",
                 "properties":
                    {
                     "allowOverdrawing":"true",
                     "back":"darksmoothstone",
                     "front":"darksmoothstone"
                    },
                 "propertytypes":
                    {
                     "allowOverdrawing":"string",
                     "back":"string",
                     "front":"string"
                    },
                 "rotation":0,
                 "type":"",
                 "visible":true,
                 "width":272,
                 "x":680,
                 "y":200
                }, 
                {
                 "height":8,
                 "id":761,
                 "name":"",
                 "properties":
                    {
                     "allowOverdrawing":"true",
                     "back":"castlewalls1",
                     "front":"castlewalls1"
                    },
                 "propertytypes":
                    {
                     "allowOverdrawing":"string",
                     "back":"string",
                     "front":"string"
                    },
                 "rotation":0,
                 "type":"",
                 "visible":true,
                 "width":272,
                 "x":680,
                 "y":56
                }, 
                {
                 "height":96,
                 "id":765,
                 "name":"",
                 "properties":
                    {
                     "allowOverdrawing":"true",
                     "front":"castlewalls1"
                    },
                 "propertytypes":
                    {
                     "allowOverdrawing":"string",
                     "front":"string"
                    },
                 "rotation":0,
                 "type":"",
                 "visible":true,
                 "width":8,
                 "x":672,
                 "y":56
                }, 
                {
                 "height":96,
                 "id":768,
                 "name":"",
                 "properties":
                    {
                     "allowOverdrawing":"true",
                     "front":"castlewalls1"
                    },
                 "propertytypes":
                    {
                     "allowOverdrawing":"string",
                     "front":"string"
                    },
                 "rotation":0,
                 "type":"",
                 "visible":true,
                 "width":8,
                 "x":648,
                 "y":56
                }, 
                {
                 "height":96,
                 "id":772,
                 "name":"",
                 "properties":
                    {
                     "allowOverdrawing":"true",
                     "front":"castlewalls1"
                    },
                 "propertytypes":
                    {
                     "allowOverdrawing":"string",
                     "front":"string"
                    },
                 "rotation":0,
                 "type":"",
                 "visible":true,
                 "width":8,
                 "x":368,
                 "y":56
                }, 
                {
                 "height":96,
                 "id":774,
                 "name":"",
                 "properties":
                    {
                     "allowOverdrawing":"true",
                     "front":"castlewalls1"
                    },
                 "propertytypes":
                    {
                     "allowOverdrawing":"string",
                     "front":"string"
                    },
                 "rotation":0,
                 "type":"",
                 "visible":true,
                 "width":8,
                 "x":344,
                 "y":56
                }, 
                {
                 "height":8,
                 "id":779,
                 "name":"",
                 "properties":
                    {
                     "allowOverdrawing":"true",
                     "back":"darksmoothstone",
                     "front":"darksmoothstone"
                    },
                 "propertytypes":
                    {
                     "allowOverdrawing":"string",
                     "back":"string",
                     "front":"string"
                    },
                 "rotation":0,
                 "type":"",
                 "visible":true,
                 "width":272,
                 "x":72,
                 "y":200
                }, 
                {
                 "height":8,
                 "id":780,
                 "name":"",
                 "properties":
                    {
                     "allowOverdrawing":"true",
                     "back":"castlewalls1",
                     "front":"castlewalls1"
                    },
                 "propertytypes":
                    {
                     "allowOverdrawing":"string",
                     "back":"string",
                     "front":"string"
                    },
                 "rotation":0,
                 "type":"",
                 "visible":true,
                 "width":272,
                 "x":376,
                 "y":56
                }, 
                {
                 "height":96,
                 "id":784,
                 "name":"",
                 "properties":
                    {
                     "allowOverdrawing":"true",
                     "front":"castlewalls1"
                    },
                 "propertytypes":
                    {
                     "allowOverdrawing":"string",
                     "front":"string"
                    },
                 "rotation":0,
                 "type":"",
                 "visible":true,
                 "width":8,
                 "x":64,
                 "y":56
                }, 
                {
                 "gid":5877,
                 "height":40,
                 "id":785,
                 "name":"",
                 "rotation":0,
                 "type":"",
                 "visible":true,
                 "width":48,
                 "x":336,
                 "y":200
                }, 
                {
                 "gid":5877,
                 "height":40,
                 "id":786,
                 "name":"",
                 "rotation":0,
                 "type":"",
                 "visible":true,
                 "width":48,
                 "x":640,
                 "y":200
                }],
         "opacity":1,
         "type":"objectgroup",
         "visible":true,
         "x":0,
         "y":0
        }, 
        {
         "color":"#ff0000",
         "draworder":"topdown",
         "name":"objects",
         "objects":[],
         "opacity":1,
         "type":"objectgroup",
         "visible":true,
         "x":0,
         "y":0
        }, 
        {
         "color":"#ffff00",
         "draworder":"topdown",
         "name":"wiring - lights & guns",
         "objects":[],
         "opacity":1,
         "type":"objectgroup",
         "visible":true,
         "x":0,
         "y":0
        }, 
        {
         "color":"#ff0000",
         "draworder":"topdown",
         "name":"monsters & npcs",
         "objects":[],
         "opacity":1,
         "type":"objectgroup",
         "visible":true,
         "x":0,
         "y":0
        }, 
        {
         "color":"#00ffff",
         "draworder":"topdown",
         "name":"wiring - locked door",
         "objects":[],
         "opacity":1,
         "type":"objectgroup",
         "visible":true,
         "x":0,
         "y":0
        }, 
        {
         "draworder":"topdown",
         "name":"outside the map",
         "objects":[],
         "opacity":1,
         "type":"objectgroup",
         "visible":true,
         "x":0,
         "y":0
        }, 
        {
         "draworder":"topdown",
         "name":"anchors etc",
         "objects":[
                {
                 "gid":247,
                 "height":8,
                 "id":752,
                 "name":"",
                 "rotation":0,
                 "type":"",
                 "visible":true,
                 "width":8,
                 "x":512,
                 "y":256
                }, 
                {
                 "gid":247,
                 "height":8,
                 "id":753,
                 "name":"",
                 "rotation":0,
                 "type":"",
                 "visible":true,
                 "width":8,
                 "x":208,
                 "y":16
                }, 
                {
                 "gid":248,
                 "height":8,
                 "id":755,
                 "name":"",
                 "rotation":0,
                 "type":"",
                 "visible":true,
                 "width":8,
                 "x":640,
                 "y":168
                }, 
                {
                 "gid":248,
                 "height":8,
                 "id":756,
                 "name":"",
                 "rotation":0,
                 "type":"",
                 "visible":true,
                 "width":8,
                 "x":680,
                 "y":200
                }, 
                {
                 "gid":248,
                 "height":8,
                 "id":757,
                 "name":"",
                 "rotation":0,
                 "type":"",
                 "visible":true,
                 "width":8,
                 "x":944,
                 "y":200
                }, 
                {
                 "gid":248,
                 "height":8,
                 "id":770,
                 "name":"",
                 "rotation":0,
                 "type":"",
                 "visible":true,
                 "width":8,
                 "x":376,
                 "y":168
                }],
         "opacity":1,
         "type":"objectgroup",
         "visible":true,
         "x":0,
         "y":0
        }, 
        {
         "draworder":"topdown",
         "name":"items",
         "objects":[],
         "opacity":1,
         "type":"objectgroup",
         "visible":true,
         "x":0,
         "y":0
        }],
 "nextobjectid":787,
 "orientation":"orthogonal",
 "renderorder":"right-down",
 "tiledversion":"1.1.6",
 "tileheight":8,
 "tilesets":[
        {
         "firstgid":1,
         "source":"..\/..\/..\/tilesets\/packed\/materials.json"
        }, 
        {
         "firstgid":198,
         "source":"..\/..\/..\/tilesets\/packed\/supports.json"
        }, 
        {
         "firstgid":235,
         "source":"..\/..\/..\/tilesets\/packed\/miscellaneous.json"
        }, 
        {
         "firstgid":259,
         "source":"..\/..\/..\/tilesets\/packed\/liquids.json"
        }, 
        {
         "firstgid":287,
         "source":"..\/..\/..\/tilesets\/packed\/objects-by-race\/ancient.json"
        }, 
        {
         "firstgid":450,
         "source":"..\/..\/..\/tilesets\/packed\/objects-by-race\/apex.json"
        }, 
        {
         "firstgid":821,
         "source":"..\/..\/..\/tilesets\/packed\/objects-by-race\/avian.json"
        }, 
        {
         "firstgid":1126,
         "source":"..\/..\/..\/tilesets\/packed\/objects-by-race\/floran.json"
        }, 
        {
         "firstgid":1321,
         "source":"..\/..\/..\/tilesets\/packed\/objects-by-race\/generic.json"
        }, 
        {
         "firstgid":3305,
         "source":"..\/..\/..\/tilesets\/packed\/objects-by-race\/glitch.json"
        }, 
        {
         "firstgid":3531,
         "source":"..\/..\/..\/tilesets\/packed\/objects-by-race\/human.json"
        }, 
        {
         "firstgid":3819,
         "source":"..\/..\/..\/tilesets\/packed\/objects-by-race\/hylotl.json"
        }, 
        {
         "firstgid":4051,
         "source":"..\/..\/..\/tilesets\/packed\/objects-by-race\/novakid.json"
        }, 
        {
         "firstgid":4115,
         "source":"..\/..\/..\/tilesets\/packed\/objects-by-category\/breakable.json"
        }, 
        {
         "firstgid":4425,
         "source":"..\/..\/..\/tilesets\/packed\/objects-by-category\/decorative.json"
        }, 
        {
         "firstgid":5866,
         "source":"..\/..\/..\/tilesets\/packed\/objects-by-category\/door.json"
        }, 
        {
         "firstgid":5998,
         "source":"..\/..\/..\/tilesets\/packed\/objects-by-category\/farmable.json"
        }, 
        {
         "firstgid":6073,
         "source":"..\/..\/..\/tilesets\/packed\/objects-by-category\/furniture.json"
        }, 
        {
         "firstgid":6427,
         "source":"..\/..\/..\/tilesets\/packed\/objects-by-category\/light.json"
        }, 
        {
         "firstgid":6885,
         "source":"..\/..\/..\/tilesets\/packed\/objects-by-category\/railpoint.json"
        }, 
        {
         "firstgid":6890,
         "source":"..\/..\/..\/tilesets\/packed\/objects-by-category\/teleporter.json"
        }, 
        {
         "firstgid":6932,
         "source":"..\/..\/..\/tilesets\/packed\/objects-by-category\/trap.json"
        }, 
        {
         "firstgid":7136,
         "source":"..\/..\/..\/tilesets\/packed\/objects-by-category\/wire.json"
        }, 
        {
         "firstgid":7358,
         "source":"..\/..\/..\/tilesets\/packed\/objects-by-type\/container.json"
        }, 
        {
         "firstgid":7643,
         "source":"..\/..\/..\/tilesets\/packed\/objects-by-type\/teleporter.json"
        }],
 "tilewidth":8,
 "type":"map",
 "version":1,
 "width":128
}